Nbr of Oscars,Oscar,Nbr of Baftas,Bafta,Multiple Oscars,Oscar Winner?,Film,Foreign Gross,Genre,Lead Studio,Story,Year,Audience  score %,Box Office Average per US Cinema (Opening Weekend),Budget (M),Margin,Profit (M),Domestic Gross (M),Number of Theatres in US Opening Weekend,Opening Weekend (M),Profitability,Rotten Tomatoes %,Worldwide Gross (M)
0,,0,,No,No,Beowulf,114.07,Action,Paramount,Journey and Return,2007,52,8726,150,0.24,46.3,82.2,3153,27.5,1.3084,0.71,196
0,,0,,No,No,Spider-Man 3,554.34,Action,Sony,Metamorphosis,2007,54,35540,258,0.71,632.9,336.5,4252,151.1,3.453,0.61,891
0,,0,,No,No,TMNT,40.86,Action,,Monster Force,2007,63,7799,35,0.63,60,54.2,3110,24.3,2.7146,0.33,95
0,,0,,No,No,Fantastic Four: Rise of the Silver Surfer,157.13,Action,Fox,Monster Force,2007,55,14663,130,0.55,159.1,131.9,3959,58,2.2234,0.35,289
0,,0,,No,No,Dragon Wars (aka D-War),63.27,Action,Mediaplex,Monster Force,2007,44,2213,75,-0.01,-0.8,11,2277,5,0.99,0.27,74
0,,0,,No,No,Transformers,389.03,Action,Paramount,Monster Force,2007,89,17577,150,0.79,558.3,319.3,4011,70.5,4.7218,0.57,708
0,,0,,No,No,Ghost Rider,112.94,Action,Sony,Monster Force,2007,56,12541,110,0.52,118.7,115.8,3619,45.3,2.0794,0.28,229
0,,0,,No,No,Shooter,48.69,Action,Paramount,Pursuit,2007,82,5175,61,0.36,34.7,47,2806,14.5,1.5688,0.47,96
0,,0,,No,No,Grindhouse,25.16,Action,The Weinstein Company,Pursuit,2007,86,4419,53,-0.06,-2.8,25,2624,11.6,0.9471,0.82,50
0,,0,,No,No,Smokin' Aces,21.32,Action,Universal,Pursuit,2007,64,6599,17,0.7,40.1,35.8,2218,14.6,3.3591,0.27,57
0,,0,,No,No,Shoot 'Em Up,14,Action,Warner Bros.,Pursuit,2007,66,2711,39,-0.45,-12.2,12.8,2108,5.7,0.6874,0.67,27
0,,0,,No,No,The Kingdom,39.07,Action,,Quest,2007,78,6135,80,0.08,6.6,47.5,2793,17.1,1.0826,0.52,87
0,,0,,No,No,Hitman,60.28,Action,Fox,Quest,2007,61,5362,17.5,0.82,82.5,39.7,2458,13.2,5.7122,0.15,100
0,,0,,No,No,Pathfinder: Legend of the Ghost Warrior,20.59,Action,,Rescue,2007,41,2907,26,0.16,4.8,10.2,1720,5,1.1855,0.11,31
0,,0,,No,No,Pirates of the Caribbean: At World's End,651.58,Action,Disney,Rescue,2007,74,26302,300,0.69,661,309.4,4362,114.7,3.2033,0.45,961
0,,0,,No,No,Live Free or Die Hard,249,Action,Fox,Rescue,2007,86,9791,110,0.71,273.5,134.5,3408,33.4,3.4866,0.79,384
0,,0,,No,No,The Golden Compass,302.13,Action,Warner Bros.,Rescue,2007,55,7308,180,0.52,192.2,70.1,3528,25.7,2.068,0.42,372
0,,0,,No,No,Rush Hour 3,117.9,Action,Warner Bros.,Rescue,2007,68,12996,140,0.46,118,140.1,3778,49.1,1.843,0.2,258
0,,0,,No,No,The Brave One,32.99,Action,,Rivalry,2007,65,4889,70,0,-0.2,36.8,2755,13.5,0.997,0.43,70
0,,0,,No,No,300,245.45,Action,Warner Bros.,Sacrifice,2007,90,22844,65,0.86,391.1,210.6,3103,70.9,7.0164,0.6,456
0,,0,,No,No,Stardust,96.92,Adventure,Paramount,Quest,2007,86,3610,70,0.48,65.6,38.6,2540,9.2,1.9366,0.76,136
0,,0,,No,No,Harry Potter and the Order of the Phoenix,647.88,Adventure,Warner Bros.,Quest,2007,82,17998,150,0.84,789.9,292,4285,77.1,6.2659,0.78,940
0,,0,,No,No,Alvin and the Chipmunks,143.14,Animation,Fox,Comedy,2007,73,12750,70,0.81,290.5,217.3,3475,44.3,5.1495,0.26,360
0,,0,,No,No,Surf's Up,90.18,Animation,Sony,Discovery,2007,64,5000,85,0.43,64,58.9,3528,17.6,1.7535,0.78,149
0,,0,,No,No,Bee Movie,160.49,Animation,Paramount,Journey and Return,2007,57,9679,150,0.48,137.1,126.6,3928,38,1.9142,0.52,287
0,,0,,No,No,Happily N'Ever After,22.5,Animation,Lionsgate,Maturation,2007,43,2775,47,-0.23,-8.9,15.6,2381,6.6,0.8103,0.04,38
0,,0,,No,No,Meet the Robinsons,71.51,Animation,Disney,Quest,2007,75,7361,100,0.41,69.3,97.8,3413,25.1,1.6933,0.66,169
0,,0,,No,No,Shrek the Third,476.24,Animation,Paramount,Quest,2007,57,29507,160,0.8,639,322.7,4122,121.6,4.9935,0.42,799
0,,0,,No,No,Charlie Wilson's War,51.81,Biography,Universal,Discovery,2007,73,3750,75,0.37,43.5,66.7,2575,9.6,1.5797,0.82,118
0,,0,,No,No,Epic Movie,47.13,Comedy,Independent,Comedy,2007,38,6644,20,0.77,66.9,39.7,2801,18.6,4.3433,0.02,87
0,,0,,No,No,Norbit,63.64,Comedy,Paramount,Comedy,2007,56,10904,60,0.62,99.3,95.7,3136,34.2,2.6552,0.09,159
0,,0,,No,No,Walk Hard: The Dewey Cox Story,2.26,Comedy,Sony,Comedy,2007,55,1575,35,-0.7,-14.4,18.3,2650,4.1,0.5879,0.75,21
0,,0,,No,No,Daddy Day Camp,4.96,Comedy,Sony,Comedy,2007,63,1459,6,0.67,12.2,13.2,2332,3.4,3.0329,0.01,18
0,,0,,No,No,Superbad,48.41,Comedy,Sony,Comedy,2007,87,11211,20,0.88,149.9,121.5,2948,33,8.4936,0.88,170
0,,0,,No,No,Evan Almighty,72.93,Comedy,Universal,Comedy,2007,56,8654,175,-0.01,-1.6,100.5,3604,31.2,0.9908,0.23,173
0,,0,,No,No,I Now Pronounce You Chuck and Larry,65.99,Comedy,Universal,Comedy,2007,73,9795,85,0.54,101.1,120.1,3495,34.2,2.1889,0.13,186
0,,0,,No,No,The Game Plan,57.23,Comedy,Disney,Discovery,2007,75,7396,22,0.85,125.9,90.6,3103,22.9,6.7213,0.27,148
0,,0,,No,No,The Nanny Diaries,21.07,Comedy,The Weinstein Company,Discovery,2007,52,2845,20,0.57,27,25.9,2629,7.5,2.35,0.33,47
0,,0,,No,No,No Reservations,49.49,Comedy,,Love,2007,64,4826,28,0.7,64.6,43.1,2425,11.7,3.3072,0.39,93
0,,0,,No,No,Enchanted,212.68,Comedy,Disney,Love,2007,80,9233,85,0.75,255.5,127.8,3730,34.4,4.0057,0.93,340
0,,0,,No,No,Good Luck Chuck,24.17,Comedy,Lionsgate,Love,2007,61,5226,25,0.58,34.2,35,2612,13.7,2.3677,0.03,59
0,,0,,No,No,The Heartbreak Kid,90.98,Comedy,Paramount,Love,2007,41,4342,60,0.53,67.8,36.8,3229,14,2.1294,0.3,128
0,,0,,No,No,Knocked Up,70.23,Comedy,Universal,Love,2007,83,10690,33,0.85,186,148.8,2871,30.7,6.6364,0.91,219
0,,0,,No,No,License to Wed,25.51,Comedy,Warner Bros.,Love,2007,55,4002,35,0.5,34.3,43.8,2604,10.4,1.9802,0.08,69
0,,0,,No,No,The Simpsons Movie,343.93,Comedy,Fox,Maturation,2007,78,18877,75,0.86,452.1,183.1,3922,74,7.0276,0.9,527
0,,0,,No,No,Vacancy,15.94,Comedy,Sony,Pursuit,2007,46,2980,19,0.46,16.3,19.4,2551,7.6,1.8579,0.55,35
0,,0,,No,No,Blades of Glory,27.11,Comedy,Paramount,Rivalry,2007,66,9790,61,0.58,84.7,118.6,3372,33,2.3887,0.69,146
0,,0,,No,No,Wild Hogs,85.35,Comedy,Disney,Transformation,2007,72,12077,90,0.65,163.6,168.3,3287,39.7,2.8181,0.14,254
0,,0,,No,No,In the Land of Women,6.51,Comedy,Warner Bros.,Transformation,2007,72,2186,10,0.43,7.6,11.1,2155,4.7,1.7562,0.43,18
0,,0,,No,No,Sicko,11.23,Documentary,The Weinstein Company,Quest,2007,87,5128,9,0.75,26.8,24.5,702,3.6,3.9742,0.93,36
0,,0,,No,No,The Bucket List,80.84,Drama,Warner Bros.,Discovery,2007,81,6661,45,0.74,129.3,93.5,2911,19.4,3.8736,0.41,174
0,,0,,No,No,The Darjeeling Limited,23.02,Drama,Fox,Journey and Return,2007,79,2523,17.5,0.5,17.4,11.9,698,1.8,1.9953,0.67,35
0,,0,,No,No,The Kite Runner,57.39,Drama,Paramount,Maturation,2007,85,2243,20,0.73,53.2,15.8,715,1.6,3.6597,0.66,73
0,,0,,No,No,Lions for Lambs,48.21,Drama,Independent,Quest,2007,48,3025,35,0.45,28.2,15,2215,6.7,1.806,0.27,63
0,,0,,No,No,Into the Wild,37.28,Drama,Paramount,Quest,2007,90,3249,15,0.73,40.6,18.4,658,2.1,3.709,0.82,56
0,,0,,No,No,We Own the Night,26.26,Drama,Sony,Sacrifice,2007,63,4583,21,0.62,33.8,28.6,2362,10.8,2.6108,0.55,55
0,,0,,No,No,Premonition,36.14,Drama,Sony,The Riddle,2007,55,6202,20,0.76,64,47.9,2831,17.6,4.1998,0.08,84
0,,0,,No,No,Mr. Magorium's Wonder Emporium,36.89,Fantasy,Independent,Transformation,2007,56,3043,25,0.64,44,32.1,3164,9.6,2.7579,0.36,69
0,,0,,No,No,Saw IV,76.05,Horror,Independent,Escape,2007,70,9976,10,0.93,129.4,63.3,3183,31.7,13.9353,0.18,139
0,,0,,No,No,Hostel: Part II,18.01,Horror,Lionsgate,Escape,2007,45,3490,10,0.72,25.6,17.6,2350,8.2,3.562,0.44,36
0,,0,,No,No,Alien vs. Predator -- Requiem,87.09,Horror,Fox,Monster Force,2007,37,3853,40,0.69,88.9,41.8,2611,10,3.2221,0.14,129
0,,0,,No,No,The Hills Have Eyes 2,16.66,Horror,Independent,Monster Force,2007,50,3958,15,0.6,22.5,20.8,2447,9.7,2.4977,0.11,37
0,,0,,No,No,30 Days of Night,35.53,Horror,Independent,Monster Force,2007,57,5587,32,0.57,43.1,39.6,2855,15.6,2.3467,0.5,75
0,,0,,No,No,The Mist,31.24,Horror,The Weinstein Company,Monster Force,2007,64,3686,18,0.68,38.8,25.6,2423,8.9,3.1572,0.72,57
0,,0,,No,No,Halloween,20.2,Horror,The Weinstein Company,Pursuit,2007,64,7592,20,0.75,58.5,58.3,3472,26.4,3.9235,0.26,78
0,,0,,No,No,The Reaping,37.64,Horror,,Quest,2007,53,3851,40,0.36,22.8,25.1,2603,10,1.5693,0.09,63
0,,0,,No,No,Stomp the Yard,14.15,Musical,Independent,Maturation,2007,83,10645,14,0.81,61.5,61.4,2051,21.9,5.3937,0.27,76
0,,0,,No,No,Sweeney Todd: The Demon Barber of Fleet Street,99.63,Musical,Warner Bros.,Revenge,2007,81,7446,50,0.67,102.5,52.9,1249,9.3,3.0505,0.86,153
0,,0,,No,No,Hairspray,83.68,Musical,Warner Bros.,Underdog,2007,84,8803,75,0.63,127.6,118.9,3121,27.5,2.7006,0.92,203
0,,0,,No,No,Tyler Perry's Why Did I get Married,0.66,Romance,Independent,Love,2007,47,10618,15,0.73,40.9,55.2,2011,21.4,3.7242,0.46,56
0,,0,,No,No,Waitress,3.1,Romance,Independent,Love,2007,67,3327,2,0.91,20.2,19.1,605,2,11.0897,0.89,22
0,,0,,No,No,P.S. I Love You,99.4,Romance,Independent,Love,2007,82,2641,30,0.8,123.1,53.7,2454,6.5,5.1031,0.21,153
0,,0,,No,No,Across the Universe,5.02,Romance,Independent,Love,2007,84,4009,45,-0.53,-15.6,24.3,954,3.8,0.6526,0.54,29
0,,0,,No,No,Music and Lyrics,95.32,Romance,Warner Bros.,Love,2007,70,,40,0.73,105.9,50.6,,13.6,3.6474,0.63,146
0,,0,,No,No,The Invasion,25.1,Sci-Fi,Warner Bros.,Monster Force,2007,43,2143,80,-0.99,-39.8,15.1,2776,5.6,0.5021,0.19,40
0,,0,,No,No,Next,55.33,Thriller,Paramount,Pursuit,2007,59,2617,70,0.05,3.5,18.2,2725,7.1,1.0506,0.29,74
0,,0,,No,No,Zodiac,51.71,Thriller,Paramount,Pursuit,2007,73,5671,65,0.23,19.8,33.1,2362,13.4,1.3044,0.89,85
0,,0,,No,No,Disturbia,37.55,Thriller,Paramount,Pursuit,2007,75,7598,20,0.83,97.8,80.2,2925,22.2,5.888,0.67,118
0,,0,,No,No,American Gangster,137.74,Thriller,Universal,Pursuit,2007,87,14264,100,0.63,167.9,130.2,3054,43.6,2.679,0.79,268
0,,0,,No,No,The Bourne Ultimatum,215.35,Thriller,Universal,Pursuit,2007,91,18929,110,0.75,332.8,227.5,3660,69.3,4.0257,0.93,443
0,,0,,No,No,I Am Legend,327.76,Thriller,Warner Bros.,Quest,2007,69,21411,150,0.74,434.2,256.4,3606,77.2,3.8944,0.69,584
0,,0,,No,No,Ocean's 13,194.16,Thriller,Warner Bros.,Revenge,2007,74,10135,85,0.73,226.3,117.2,3565,36.1,3.6625,0.7,311
0,,0,,No,No,Mr. Brooks,19.57,Thriller,MGM,Temptation,2007,75,4083,20,0.58,28.1,28.6,2453,10,2.4061,0.56,48
0,,0,,No,No,National Treasure: Book of Secrets,237.4,Thriller,Disney,The Riddle,2007,72,11686,130,0.72,327.4,220,3832,44.8,3.5182,0.31,457
0,,0,,No,No,Nancy Drew,5.05,Thriller,Independent,The Riddle,2007,61,2615,20,0.35,10.7,25.6,2612,6.9,1.5333,0.49,31
0,,0,,No,No,3:10 to Yuma,16.17,Western,Lionsgate,Sacrifice,2007,85,5292,48,0.31,21.8,53.6,2652,14,1.4538,0.88,70
0,,0,,No,No,The Pirates Who Don't Do Anything,0.17,,Universal,Fish Out Of Water,2008,,,15,-0.16,-2.1,12.7,,4.3,0.8598,0.41,13
0,,0,,No,No,The Sisterhood of the Traveling Pants 2,0.26,,Warner Bros.,Journey and Return,2008,67,3945,27,0.39,17.4,44.1,2707,10.7,1.6426,0.65,44
0,,0,,No,No,Under the Same Moon,10.72,,Weinstein Co.,Quest,2008,37,10412,1.7,0.93,21.6,12.6,266,2.8,13.7119,0.72,23
0,,0,,No,No,Vantage Point,78.89,,Sony,The Riddle,2008,61,7264,40,0.74,111.2,72.3,3149,22.9,3.7789,0.35,151
0,,0,,No,No,Pineapple Express,14.28,Action,Sony,Comedy,2008,74,7567,26,0.74,75.6,87.3,3072,23.2,3.9086,0.68,102
0,,0,,No,No,Hancock,396.44,Action,Sony,Discovery,2008,67,15789,150,0.76,474.4,228,3965,62.6,4.1626,0.4,624
0,,0,,No,No,Transporter 3,77.26,Action,Independent,Escape,2008,58,4594,30,0.72,79,31.7,2626,12.1,3.6326,0.36,109
0,,0,,No,No,Death Race,39.36,Action,Universal,Escape,2008,69,4985,45,0.4,30.5,36.1,2532,12.6,1.6768,0.42,75
0,,0,,No,No,The Chronicles of Narnia: Prince Caspian,278.04,Action,Disney,Fish Out Of Water,2008,78,14007,200,0.52,219.7,141.6,3929,55,2.0983,0.66,420
0,,0,,No,No,The Forbidden Kingdom,75.9,Action,Relativity Media,journey & return,2008,65,6791,55,0.57,73,52.1,3151,21.4,2.3269,0.64,128
0,,0,,No,No,Iron Man,266.76,Action,Paramount,Metamorphosis,2008,91,24024,186,0.68,399.1,318.3,4105,98.6,3.1456,0.94,585
0,,0,,No,No,The Incredible Hulk,128.62,Action,Universal,Metamorphosis,2008,75,15810,137.5,0.48,125.7,134.5,3505,55.1,1.9138,0.67,263
0,,0,,No,No,Cloverfield,90.72,Action,Paramount,Monster Force,2008,67,11744,25,0.85,145.8,80.1,3411,40.1,6.8307,0.77,171
0,,0,,No,No,Bangkok Dangerous,31.3,Action,Lionsgate,Pursuit,2008,33,2937,45,0.03,1.6,15.3,2650,7.8,1.0355,0.09,47
0,,0,,No,No,Indiana Jones and the Kingdom of the Crystal Skull,469.53,Action,Paramount,Pursuit,2008,59,23507,185,0.76,601.6,317,4260,100.1,4.2517,0.77,787
0,,0,,No,No,Eagle Eye,76.62,Action,Paramount,Pursuit,2008,72,8305,80,0.55,97.8,101.2,3510,29.2,2.2225,0.27,178
0,,0,,No,No,Get Smart,100.37,Action,Warner Bros.,Pursuit,2008,73,9891,80,0.65,150.7,130.3,3911,38.7,2.8836,0.51,231
0,,0,,No,No,Miracle at St. Anna,1.2,Action,Disney,Quest,2008,68,2935,45,-3.93,-35.9,7.9,1185,3.5,0.2026,0.34,9
0,,0,,No,No,Babylon A.D.,47.68,Action,Fox,Quest,2008,32,2798,45,0.36,25.2,22.5,3390,9.5,1.5603,0.07,70
0,,0,,No,No,Doomsday,11.2,Action,Relativity Media,Quest,2008,47,2544,33,-0.49,-10.8,11,1936,4.9,0.673,0.48,22
0,,0,,No,No,The Mummy: Tomb of the Dragon Emperor,298.63,Action,Universal,Quest,2008,40,10760,145,0.64,255.9,102.3,3760,40.5,2.7649,0.14,401
0,,0,,No,No,Journey to the Center of the Earth,140.29,Action,Warner Bros.,Quest,2008,55,7477,45,0.81,197,101.7,2811,21,5.3777,0.61,242
0,,0,,No,No,Speed Racer,50,Action,Warner Bros.,Quest,2008,61,5174,120,-0.28,-26.1,44,3606,18.6,0.7829,0.38,94
0,,0,,No,No,Jumper,142.06,Action,Fox,Rescue,2008,50,7980,82.5,0.63,139.7,80.2,3428,27.4,2.6937,0.16,222
0,,0,,No,No,Rambo,70.49,Action,Lionsgate,Rescue,2008,70,6617,47.5,0.58,65.7,42.8,2751,18.2,2.3841,0.36,113
0,,0,,No,No,Appaloosa,7.52,Action,Warner Bros.,Rescue,2008,55,4833,20,0.28,7.6,20.1,1045,5,1.3795,0.77,28
0,,0,,No,No,Max Payne,44.73,Action,Fox,Revenge,2008,36,5225,35,0.59,50.4,40.7,3376,17.6,2.4395,0.16,85
0,,0,,No,No,Punisher: War Zone,2.04,Action,Lionsgate,Revenge,2008,47,1703,35,-2.47,-24.9,8.1,2508,4.3,0.2883,0.27,10
0,,0,,No,No,Quantum of Solace,417.72,Action,MGM,Revenge,2008,62,19568,230,0.61,354.5,166.8,3451,67.5,2.5414,0.64,585
0,,0,,No,No,The Spirit,19.23,Action,Lionsgate,Rivalry,2008,29,2576,6,0.84,31,17.8,2509,6.5,6.1632,0.14,37
0,,0,,No,No,Never Back Down,16.78,Action,Summit,Rivalry,2008,37,3152,21,0.5,20.6,24.9,2729,8.6,1.9822,0.23,42
0,,0,,No,No,Hellboy II: The Golden Army,84.4,Action,Universal,Sacrifice,2008,70,10780,82.5,0.48,77.7,75.8,3204,34.5,1.9417,0.87,160
0,,0,,No,No,Body of Lies,75.7,Action,Warner Bros.,Temptation,2008,65,4754,67.5,0.41,47.4,39.2,2710,12.9,1.7021,0.53,115
0,,0,,No,No,Street Kings,39.15,Action,Fox,The Riddle,2008,62,5054,20,0.69,45.6,26.4,2467,12.5,3.2786,0.37,66
0,,0,,No,No,Wanted,206.92,Action,Universal,Transformation,2008,72,16040,75,0.78,266.3,134.3,3175,50.9,4.55,0.73,341
0,,0,,No,No,College Road Trip,5.93,Adventure,Buena Vista,Comedy,2008,56,5026,140,-1.72,-88.5,45.6,2706,13.6,0.3681,0.13,52
0,,0,,No,No,City of Ember,10.05,Adventure,Independent,Escape,2008,48,1548,38,-1.12,-20.1,7.8,2022,3.1,0.4708,0.52,18
0,,0,,No,No,Harold and Kumar Escape from Guantanamo Bay,5.38,Adventure,Warner Bros.,Escape,2008,65,5939,12,0.72,31.5,38.1,2510,14.9,3.6244,0.54,43
0,,0,,No,No,Meet Dave,38.85,Adventure,Fox,Fish Out Of Water,2008,42,1744,60,-0.18,-9.4,11.8,3011,5.3,0.8442,0.19,51
0,,0,,No,No,Australia,161.8,Adventure,Fox,Fish Out Of Water,2008,69,5602,78,0.63,130.5,46.7,2642,14.8,2.673,0.55,208
0,,0,,No,No,Beverly Hills Chihuahua,50.7,Adventure,Disney,Journey and Return,2008,56,9114,20,0.86,125.2,94.5,3215,29.3,7.26,0.41,145
0,,0,,No,No,Sex Drive,10.35,Adventure,Summit,Journey and Return,2008,61,1490,19,-0.01,-0.3,8.4,2421,3.6,0.987,0.46,19
0,,0,,No,No,Fool's Gold,39.13,Adventure,Warner Bros.,Quest,2008,53,6909,72.5,0.34,36.9,70.2,3125,21.6,1.5084,0.11,109
0,,0,,No,No,Nim's Island,52.07,Adventure,Independent,Rescue,2008,50,3760,37,0.63,63.1,48,3513,13.2,2.7048,0.51,100
0,,0,,No,No,"10,000 B.C.",175,Adventure,Warner Bros.,Rescue,2008,44,10518,105,0.61,164.8,94.8,3410,35.9,2.5694,0.09,270
0,,0,,No,No,Fly Me to the Moon,27.9,Animation,Independent,Journey and Return,2008,26,,25,0.38,15.3,12.4,,1.9,1.6129,0.18,40
0,,0,,No,No,Madagascar: Escape 2 Africa,423.89,Animation,Paramount,Journey and Return,2008,73,15559,150,0.75,450.8,176.9,4056,63.1,4.0055,0.64,601
0,,0,,No,No,Bolt,195.93,Animation,Disney,Rescue,2008,76,7182,150,0.51,155.8,109.9,3651,26.2,2.0388,0.89,306
0,,0,,No,No,Dr. Seuss' Horton Hears a Who!,142.6,Animation,Fox,Rescue,2008,75,11384,85,0.71,212.1,154.5,3954,45,3.4956,0.79,297
0,,0,,No,No,The Tale of Despereaux,37.84,Animation,Universal,Rescue,2008,46,3255,55,0.38,33.7,50.9,3104,10.1,1.6129,0.54,89
0,,0,,No,No,Star Wars: The Clone Wars,33.12,Animation,Independent,Sacrifice,2008,46,4233,8.5,0.88,59.8,35.2,3452,14.6,8.0332,0.19,68
0,,0,,No,No,Igor,11.22,Animation,Independent,Temptation,2008,42,,30,0.02,0.7,19.4,2339,7.8,1.0221,0.36,31
0,,0,,No,No,Space Chimps,34.73,Animation,Independent,Transformation,2008,37,2860,37,0.43,27.8,30.1,2511,7.2,1.7523,0.36,65
0,,0,,No,No,Kung Fu Panda,416.31,Animation,Paramount,Underdog,2008,83,14642,200,0.68,431.7,215.4,4114,60.2,3.1587,0.88,632
0,,0,,No,No,Cadillac Records,0.68,Biography,Sony,Rags to Riches,2008,64,5015,12,-0.35,-3.1,8.2,687,3.4,0.7396,0.67,9
0,,0,,No,No,The Express,0.01,Biopic,Independent,Maturation,2008,73,1625,37.5,-2.83,-27.7,9.8,2808,4.6,0.2613,0.62,10
0,,0,,No,No,Meet the Spartans,46.41,Comedy,Independent,Comedy,2008,31,7104,30,0.65,54.7,38.2,2605,18.5,2.8216,0.02,85
0,,0,,No,No,Mad Money,5.74,Comedy,Independent,Comedy,2008,51,3132,22,0.17,4.4,20.7,2470,7.7,1.2005,0.22,26
0,,0,,No,No,My Best Friend's Girl,22.4,Comedy,Lionsgate,Comedy,2008,51,3174,20,0.52,21.6,19.2,2604,8.3,2.0811,0.14,42
0,,0,,No,No,"Be Kind, Rewind",19.4,Comedy,New Line,Comedy,2008,57,5013,20,0.35,10.6,11.2,808,4.1,1.5288,0.65,31
0,,0,,No,No,The Love Guru,8.63,Comedy,Paramount,Comedy,2008,38,4617,62,-0.52,-21.2,32.2,3012,13.9,0.6585,0.14,41
0,,0,,No,No,Drillbit Taylor,16.82,Comedy,Paramount,Comedy,2008,49,3373,40,0.19,9.7,32.9,3056,10.3,1.2421,0.26,50
0,,0,,No,No,Burn After Reading,103.36,Comedy,Relativity Media,Comedy,2008,64,7215,37,0.77,126.7,60.4,2651,19.1,4.4247,0.78,164
0,,0,,No,No,First Sunday,0.87,Comedy,Sony,Comedy,2008,59,8004,13,0.66,25.8,37.9,2213,17.7,2.9848,0.13,39
0,,0,,No,No,Step Brothers,27.64,Comedy,Sony,Comedy,2008,68,10000,65,0.49,63.1,100.5,3094,30.9,1.9709,0.54,128
0,,0,,No,No,Superhero Movie,45.35,Comedy,The Weinstein Company,Comedy,2008,36,3212,65,0.09,6.2,25.9,2960,9.5,1.0957,0.15,71
0,,0,,No,No,Soul Men,0.25,Comedy,The Weinstein Company,Comedy,2008,42,2643,0,1,12.3,12.1,2044,5.4,,0.45,12
0,,0,,No,No,Baby Mama,3.7,Comedy,Independent,Discovery,2008,59,6845,70,-0.09,-6,60.3,2543,17.4,0.9146,0.63,64
0,,0,,No,No,The House Bunny,22.2,Comedy,Sony,Discovery,2008,54,5355,25,0.65,45.4,48.2,2714,14.5,2.8175,0.39,70
0,,0,,No,No,"Welcome Home, Roscoe Jenkins",1.21,Comedy,Universal,Discovery,2008,64,6790,35,0.19,8.4,42.2,2387,16.2,1.2401,0.24,43
0,,0,,No,No,"Definitely, Maybe",23.2,Comedy,Universal,Discovery,2008,72,4430,7,0.87,48.2,32,2204,9.8,7.8876,0.71,55
0,,0,,No,No,Role Models,25.09,Comedy,Universal,Discovery,2008,75,6865,28,0.69,63.8,66.7,2792,19.2,3.2776,0.77,92
0,,0,,No,No,Tropic Thunder,77.58,Comedy,Paramount,Fish Out Of Water,2008,69,7777,90,0.52,98,110.5,3319,25.8,2.0893,0.83,188
0,,0,,No,No,You Don't Mess with the Zohan,99.91,Comedy,Sony,Fish Out Of Water,2008,50,11130,80,0.6,119.9,100,3462,38.5,2.4991,0.36,200
0,,0,,No,No,High School Musical 3: Senior Year,162.35,Comedy,Disney,Love,2008,76,11601,11,0.96,241,89.7,3623,42,22.9131,0.65,252
0,,0,,No,No,27 Dresses,83.5,Comedy,Fox,Love,2008,71,7526,30,0.81,130.3,76.8,3057,23,5.3436,0.4,160
0,,0,,No,No,What Happens in Vegas,139.09,Comedy,Fox,Love,2008,72,6274,35,0.84,184.4,80.3,3215,20.2,6.2676,0.28,219
0,,0,,No,No,Marley and Me,99.56,Comedy,Fox,Love,2008,77,10448,55,0.73,151.1,106.5,3480,36.4,3.7468,0.63,206
0,,0,,No,No,Miss Pettigrew Lives for a Day,2.86,Comedy,Independent,Love,2008,70,4655,60,-2.96,-44.8,12.3,535,2.5,0.2529,0.78,15
0,,0,,No,No,Over Her Dead Body,13.14,Comedy,New Line,Love,2008,47,,10,0.52,10.7,7.6,,4,2.071,0.15,21
0,,0,,No,No,Made of Honor,59.95,Comedy,Sony,Love,2008,61,5407,40,0.62,66,46,2729,14.8,2.6491,0.13,106
0,,0,,No,No,Nick and Norah's Infinite Playlist,2.04,Comedy,Sony,Love,2008,67,4672,10,0.7,23.5,31.5,2421,11.3,3.3527,0.73,34
0,,0,,No,No,Penelope,10.73,Comedy,Summit,Love,2008,74,,15,0.28,5.7,10,,3.8,1.3828,0.52,21
0,,0,,No,No,Mamma Mia!,465.71,Comedy,Universal,Love,2008,76,9325,66,0.89,543.5,143.8,2976,27.8,9.2345,0.53,609
0,,0,,No,No,Four Christmases,43.58,Comedy,Warner Bros.,Love,2008,52,,80,0.51,81.8,118.3,,31.1,2.0229,0.26,162
0,,0,,No,No,Sex and the City,262.61,Comedy,Warner Bros.,Love,2008,81,17363,57.5,0.86,357.8,152.7,3285,57,7.2218,0.49,415
0,,0,,No,No,Swing Vote,1.34,Comedy,Disney,Maturation,2008,44,2815,20,-0.13,-2.4,16.3,2213,6.2,0.8817,0.36,18
0,,0,,No,No,Forgetting Sarah Marshall,42,Comedy,Independent,Maturation,2008,75,6791,30,0.71,74.9,62.9,2798,17.7,3.4977,0.85,105
0,,0,,No,No,The Longshots,0.23,Comedy,Independent,Quest,2008,39,1953,30,-1.56,-18.3,11.5,2089,4,0.3914,0.39,12
0,,0,,No,No,Disaster Movie,20.62,Comedy,Lionsgate,Rescue,2008,28,2209,20,0.43,14.8,14.2,2642,5.8,1.7405,0.02,35
0,,0,,No,No,Bedtime Stories,108.25,Comedy,Disney,Rivalry,2008,63,7457,80,0.63,138.4,110.1,3681,27.5,2.7294,0.25,218
0,,0,,No,No,Leatherheads,9.93,Comedy,Universal,Rivalry,2008,41,4580,58,-0.41,-16.8,31.2,2769,12.7,0.7096,0.52,41
0,,0,,No,No,Smart People,2.14,Comedy,Independent,Transformation,2008,41,3700,7,0.4,4.7,9.5,1106,4.1,1.6645,0.5,12
0,,0,,No,No,Ghost Town,13.71,Comedy,Paramount,Transformation,2008,60,3330,20,0.26,7,13.3,1505,5,1.348,0.85,27
0,,0,,No,No,Yes Man,125.55,Comedy,Warner Bros.,Transformation,2008,72,5318,70,0.69,153.2,97.7,3434,18.3,3.1891,0.43,223
0,,0,,No,No,Semi-Pro,10.41,Comedy,Warner Bros.,Underdog,2008,41,4830,2.6,0.94,41.3,33.5,3121,15.1,16.8787,0.21,44
0,,0,,No,No,In Bruges,25.59,Crime,Focus,Fish Out Of Water,2008,85,,15,0.55,18.4,7.8,,0.5,2.2263,0.81,33
0,,0,,No,No,Saw V,57.12,Crime,Independent,Monster Force,2008,63,9822,10.8,0.91,103.1,56.8,3030,30.1,10.5429,0.13,114
0,,0,,No,No,21,76.69,Crime,Sony,Quest,2008,73,9103,35,0.78,122.9,81.2,2648,24.1,4.51,0.35,158
0,,0,,No,No,Lakeview Terrace,5.39,Crime,Sony,Rivalry,2008,44,6090,20,0.55,24.7,39.3,2464,15,2.2327,0.46,45
0,,0,,No,No,Pride & Glory,15.41,Crime,Warner Bros.,Temptation,2008,54,2423,30,0.04,1.2,15.7,2585,6.3,1.0383,0.34,31
0,,0,,No,No,Righteous Kill,38.37,Crime,Overture,The Riddle,2008,44,5168,60,0.24,18.5,40.1,3152,16.3,1.3075,0.19,78
0,,0,,No,No,Expelled: No Intelligence Allowed,0,Documentary,,Comedy,2008,42,2824,3.5,0.55,4.2,7.7,1052,3,2.2059,0.1,8
0,,0,,No,No,Religulous,0.12,Documentary,Lionsgate,Comedy,2008,78,6792,2.5,0.81,10.6,13,502,3.4,5.2541,0.7,13
0,,0,,No,No,Tyler Perry's Meet the Browns,0,Drama,Independent,Discovery,2008,36,10011,20,0.52,22,42,2006,20.1,2.0988,0.31,42
0,,0,,No,No,Tyler Perry's The Family That Preys,0,Drama,Independent,Discovery,2008,36,8397,10,0.73,27.1,37.1,2070,17.4,3.7105,0.51,37
0,,0,,No,No,Nights in Rodanthe,37.5,Drama,Warner Bros.,Discovery,2008,56,4962,30,0.62,49.2,41.7,2704,13.4,2.6412,0.31,79
0,,0,,No,No,Fireproof,0.02,Drama,Independent,Love,2008,51,8148,0.5,0.99,33,33.5,839,6.8,66.934,0.4,33
0,,0,,No,No,Rachel Getting Married,3.82,Drama,Independent,Love,2008,61,32597,12,0.28,4.6,12.8,9,0.3,1.3842,0.85,17
0,,0,,No,No,The Duchess,29.46,Drama,Paramount,Love,2008,68,,13.5,0.69,29.8,13.9,,3.3,3.2079,0.6,43
0,,0,,No,No,The Secret Life of Bees,2.18,Drama,Fox,Maturation,2008,78,6617,11,0.72,28.6,37.4,1591,10.5,3.601,0.56,40
0,,0,,No,No,Changeling,77.28,Drama,Independent,Quest,2008,84,5055,55,0.51,58,35.7,1850,9.4,2.0547,0.62,113
0,,0,,No,No,Doubt,17.46,Drama,Independent,riddle,2008,75,4214,25,0.31,11.2,18.7,1267,5.3,1.4476,0.78,36
0,,0,,No,No,Kit Kittredge: An American Girl,0,Drama,Warner Bros.,riddle,2008,26,,10,0.43,7.7,17.7,,3.3,1.7658,0.78,18
0,,0,,No,No,W.,3.97,Drama,Lionsgate,Rivalry,2008,42,5175,25.1,0.15,4.4,25.5,2030,10.5,1.1755,0.6,30
0,,0,,No,No,Seven Pounds,98.21,Drama,Sony,Sacrifice,2008,77,5385,55,0.65,103.3,60,2758,14.9,2.8772,0.27,158
0,,0,,No,No,Gran Torino,121.86,Drama,Warner Bros.,Temptation,2008,90,,33,0.88,237,148.1,,29.5,8.1805,0.8,270
0,,0,,No,No,88 Minutes,15.37,Drama,Sony,The Riddle,2008,51,3209,30,0.08,2.6,17.2,2168,7,1.086,0.05,33
0,,0,,No,No,The Other Boleyn Girl,50.9,Drama,Independent,Tragedy,2008,65,7035,40,0.49,37.7,26.8,1166,8.2,1.9428,0.41,78
0,,0,,No,No,The Boy in the Striped Pyjamas,31.37,Drama,Independent,Tragedy,2008,84,,12.5,0.69,27.6,8.7,,1,3.206,0.63,40
0,,0,,No,No,Stop-Loss,0.26,Drama,Paramount,Tragedy,2008,27,3528,25,-1.24,-13.8,10.9,1291,4.6,0.447,0.65,11
0,,0,,No,No,The Visitor,8.65,Drama,Independent,Transformation,2008,83,,4,0.78,14.1,9.4,,0.1,4.5195,0.92,18
0,,0,,No,No,The Women,23.11,Drama,Warner Bros.,Transformation,2008,41,3415,16,0.68,34,26.9,2962,10.1,3.1254,0.13,50
0,,0,,No,No,Step Up 2: The Streets,92.8,Drama,Disney,Underdog,2008,81,7655,17.5,0.88,133.3,58,2470,18.9,8.618,0.26,151
0,,0,,No,No,The Spiderwick Chronicles,91.64,Fantasy,Paramount,Fish Out Of Water,2008,67,4940,92.5,0.43,70.3,71.2,3847,19,1.7604,0.79,163
0,,0,,No,No,The Curious Case of Benjamin Button,206.42,Fantasy,Warner Bros.,Love,2008,81,8987,160,0.44,125.4,79,2988,26.9,1.7839,0.73,285
0,,0,,No,No,Prom Night,13.32,Horror,Independent,Escape,2008,46,7705,18,0.69,39.2,43.9,2700,20.8,3.1772,0.08,57
0,,0,,No,No,The Strangers,29.79,Horror,Relativity Media,Escape,2008,48,8515,9,0.89,73.4,52.6,2466,21,9.1545,0.44,82
0,,0,,No,No,Shutter,21.95,Horror,Fox,Monster Force,2008,40,3794,8,0.83,39.9,25.9,2753,10.5,5.9848,0.07,48
0,,0,,No,No,Mirrors,46.8,Horror,Independent,Monster Force,2008,49,4190,35,0.55,42.5,30.7,2664,11.2,2.214,0.14,77
0,,0,,No,No,Quarantine,9.62,Horror,Sony,Monster Force,2008,46,5775,12,0.71,29.3,31.7,2461,14.2,3.4427,0.59,41
0,,0,,No,No,One Missed Call,17.62,Horror,Warner Bros.,Monster Force,2008,36,5585,20,0.55,24.5,26.9,2240,12.5,2.2255,0,45
0,,0,,No,No,The Ruins,5.3,Horror,Paramount,Rescue,2008,32,2846,25,-0.1,-2.3,17.4,2812,8,0.9091,0.46,23
0,,0,,No,No,The Haunting of Molly Hartley,1.33,Horror,Independent,Sacrifice,2008,22,2045,5,0.66,9.9,13.6,2652,5.4,2.978,0.03,15
0,,0,,No,No,The Eye,25.55,Horror,Lionsgate,Sacrifice,2008,51,5101,12,0.79,45,31.4,2436,12.4,4.747,0.22,57
0,,0,,No,No,Twilight,199.85,Romance,Summit,Love,2008,82,20368,37,0.9,339.7,176.8,3419,69.6,10.18,0.49,377
0,,0,,No,No,Zack and Miri Make a Porno,10.64,Romance,The Weinstein Company,Love,2008,70,3680,24,0.43,17.9,31.3,3735,10.1,1.7475,0.64,42
0,,0,,No,No,Vicky Cristina Barcelona,73.19,Romance,The Weinstein Company,Temptation,2008,73,5427,16,0.83,80,22.8,692,3.8,6.0016,0.82,96
0,,0,,No,No,The Happening,98.89,Thriller,Fox,Escape,2008,29,10220,48,0.71,115.4,64.5,2986,30.5,3.4041,0.19,163
0,,0,,No,No,The X-Files: I Want to Believe,47.39,Thriller,Fox,Monster Force,2008,34,3147,35,0.49,33.4,21,3185,10.1,1.9534,0.32,68
0,,0,,No,No,Traitor,4.13,Thriller,Liberty Starz,Pursuit,2008,66,3831,22,0.2,5.7,23.5,2054,7.9,1.2574,0.55,28
0,,0,,No,No,The Bank Job,34.76,Thriller,Independent,Quest,2008,74,3702,20,0.69,44.8,30.1,1603,5.9,3.2411,0.78,65
0,,0,,No,No,Untraceable,23.97,Thriller,Independent,riddle,2008,56,4795,35,0.34,17.7,28.7,2368,11.4,1.5045,0.14,53
0,,0,,No,No,The Day the Earth Stood Still,153.73,Thriller,Fox,Sacrifice,2008,34,8562,100,0.56,128,74.3,3560,30.5,2.2803,0.19,228
0,,0,,No,No,Valkyrie,117.2,Thriller,MGM,Sacrifice,2008,66,7756,75,0.63,125.3,83.1,2711,21,2.6703,0.58,200
0,,0,,No,No,G-Force,173.38,Action,Disney,Comedy,2009,50,8576,150,0.47,135.1,119.4,3697,31.7,1.900666667,0.22,285
0,,0,,No,No,Dance Flick,5.77,Action,Paramount,Comedy,2009,35,4344,25,0.2,6.4,25.7,2450,10.6,1.2572,0.17,31
0,,0,,No,No,Paul Blart: Mall Cop,36.95,Action,Sony,Comedy,2009,50,10125,26,0.86,157.3,146.3,3144,31.8,7.049230769,0.33,183
0,,0,,No,No,Next Day Air,0,Action,Summit,Comedy,2009,27,3613,3,0.7,7,10,1138,4.1,3.333333333,0.21,10
0,,0,,No,No,Cirque du Freak: The Vampire's Assistant,20.32,Action,Universal,Discovery,2009,50,2285,40,-0.16,-5.6,14,2754,6.3,0.859,0.38,34
0,,0,,No,No,2012,602.4,Action,Sony,Escape,2009,63,19165,200,0.74,568,165.6,3404,65.3,3.84,0.39,768
0,,0,,No,No,Avatar,2023,Action,Fox,Metamorphosis,2009,92,22313,237,0.91,"2,546.50",760.5,3452,77,11.74472574,0.83,2784
0,,0,,No,No,District 9,95.17,Action,Independent,Metamorphosis,2009,81,12251,30,0.86,180.8,115.6,3049,37.4,7.025666667,0.91,211
0,,0,,No,No,Pandorum,6.7,Action,Independent,Monster Force,2009,49,1765,40,-1.35,-23,10.3,2506,4.4,0.425,0.28,17
0,,0,,No,No,Zombieland,27.2,Action,Sony,Monster Force,2009,87,8147,23.6,0.77,79.2,75.6,3036,24.7,4.355508475,0.9,103
0,,0,,No,No,Terminator Salvation,246.7,Action,Warner Bros.,Monster Force,2009,64,12056,200,0.46,172,125.3,3530,42.6,1.86,0.33,372
0,,0,,No,No,Surrogates,83.86,Action,Buena Vista,Pursuit,2009,42,5050,80,0.35,42.4,38.6,2951,14.9,1.530375,0.39,122
0,,0,,No,No,Taken,81.8,Action,Fox,Pursuit,2009,83,7765,25,0.89,201.8,145,3183,24.7,9.072,0.58,227
0,,0,,No,No,Crank: High Voltage,20.8,Action,Lionsgate,Pursuit,2009,54,3133,12.9,0.63,21.6,13.7,2223,7,2.674418605,0.62,35
0,,0,,No,No,G.I. Joe: The Rise of Cobra,152.26,Action,Paramount,Pursuit,2009,62,13654,175,0.42,127.1,150.2,4007,54.7,1.726285714,0.33,302
0,,0,,No,No,Whiteout,1.9,Action,Warner Bros.,Pursuit,2009,28,1791,35,-1.87,-22.8,10.3,2745,4.9,0.348571429,0.07,12
0,,0,,No,No,Race to Witch Mountain,39.21,Action,Buena Vista,Quest,2009,50,7651,50,0.53,56.4,67.2,3187,24.4,2.1276,0.42,106
0,,0,,No,No,Dragonball Evolution,48.87,Action,Fox,Quest,2009,28,2181,30,0.48,28.2,9.4,2181,4.8,1.941,0.15,58
0,,0,,No,No,Night at the Museum: Battle of the Smithsonian,235.8,Action,Fox,Quest,2009,60,13226,150,0.64,263,177.2,4096,54.2,2.753333333,0.43,413
0,,0,,No,No,Push,17.04,Action,Summit,Quest,2009,47,4358,38,0.22,10.9,31.8,2313,10.1,1.285526316,0.22,49
0,,0,,No,No,12 Rounds,5.94,Action,Fox,Rescue,2009,52,2286,20,-0.1,-1.8,12.2,2331,5.3,0.9085,0.3,18
0,,0,,No,No,The Taking of Pelham 1 2 3,84.71,Action,Sony,Rescue,2009,60,7603,100,0.33,50.2,65.5,3074,23.4,1.5016,0.51,150
0,,0,,No,No,Street Fighter: The Legend of Chun-Li,3.2,Action,Fox,Revenge,2009,28,4156,50,-3.05,-37.7,9.1,1136,4.7,0.2468,0.16,12
0,,0,,No,No,X-Men Origins: Wolverine,193.2,Action,Fox,Revenge,2009,72,20751,150,0.6,223.1,179.9,4099,85.1,2.487333333,0.37,373
0,,0,,No,No,Gamer,20.29,Action,Lionsgate,Revenge,2009,43,3659,12.5,0.69,28.3,20.5,2502,9.2,3.2656,0.29,41
0,,0,,No,No,Transformers: Revenge of the Fallen,434.2,Action,Paramount,Revenge,2009,76,25736,210,0.75,626.3,402.1,4234,109,3.982380952,0.2,836
0,,0,,No,No,Star Trek,127.95,Action,Paramount,Revenge,2009,91,19539,140,0.64,245.7,257.7,3849,75.2,2.754642857,0.94,386
0,,0,,No,No,Fast and Furious,208,Action,Universal,Revenge,2009,76,20500,85,0.77,278.1,155.1,3461,70.9,4.271764706,0.28,363
0,,0,,No,No,Ninja Assassin,23.47,Action,Warner Bros.,Revenge,2009,57,5320,50,0.19,11.6,38.1,2503,13.3,1.2318,0.25,62
0,,0,,No,No,Underworld: Rise of the Lycans,45.55,Action,Sony,Rivalry,2009,68,7080,35,0.62,56.4,45.8,2942,20.8,2.61,0.3,91
0,,0,,No,No,Watchmen,77.7,Action,Warner Bros.,Sacrifice,2009,68,15291,130,0.3,55.3,107.5,3611,55.2,1.425384615,0.64,185
0,,0,,No,No,Armored,0,Action,Sony,Temptation,2009,34,3400,20,-0.25,-4,16,1915,6.5,0.8,0.4,16
0,,0,,No,No,The International,34.7,Action,Sony,The Riddle,2009,39,3947,50,0.17,10.1,25.4,2364,9.3,1.202,0.58,60
0,,0,,No,No,Sherlock Holmes,315,Action,Warner Bros.,The Riddle,2009,81,17183,90,0.83,434,209,3626,62.3,5.822444444,0.7,524
0,,0,,No,No,The Pink Panther 2,40.02,Adventure,Sony,Comedy,2009,47,3573,59,0.22,16.9,35.9,3243,11.6,1.287118644,0.12,76
0,,0,,No,No,Where the Wild Things Are,21.89,Adventure,Warner Bros.,Journey and Return,2009,59,8754,100,-0.01,-0.9,77.2,3735,32.7,0.9912,0.73,99
0,,0,,No,No,Aliens in the Attic,32.68,Adventure,Fox,Monster Force,2009,46,2578,45,0.22,12.9,25.2,3106,8,1.286222222,0.3,58
0,,0,,No,No,Amelia,5,Adventure,Independent,Quest,2009,35,4761,40,-1.08,-20.8,14.2,820,3.9,0.48,0.21,19
0,,0,,No,No,Year One,19.02,Adventure,Sony,Quest,2009,31,6489,60,0.04,2.3,43.3,3022,19.6,1.039166667,0.14,62
0,,0,,No,No,The Road,19.51,Adventure,The Weinstein Company,Quest,2009,65,13534,25,0.09,2.4,7.9,111,1.5,1.0964,0.75,27
0,,0,,No,No,Inkheart,45.14,Adventure,Warner Bros.,Quest,2009,51,2862,60,0.04,2.4,17.3,2655,7.6,1.040666667,0.39,62
0,,0,,No,No,Harry Potter and the Half-Blood Prince,632,Adventure,Warner Bros.,Quest,2009,75,17997,250,0.73,684,302,4325,77.8,3.736,0.83,934
0,,0,,No,No,Planet 51,63.45,Animation,Independent,Comedy,2009,45,4048,70,0.34,35.6,42.2,3035,12.3,1.509142857,0.22,106
0,,0,,No,No,Alvin and the Chipmunks: The Squeakquel,221.3,Animation,Independent,Comedy,2009,59,13210,75,0.83,365.7,219.5,3700,48.8,5.876,0.21,441
0,,0,,No,No,Cloudy with a Chance of Meatballs,118.13,Animation,Sony,Comedy,2009,70,9716,100,0.59,143,124.9,3119,30.3,2.4303,0.86,243
0,,0,,No,No,Coraline,49.3,Animation,Universal,Journey and Return,2009,77,7329,60,0.52,64.6,75.3,2299,16.8,2.076333333,0.89,125
0,,0,,No,No,The Princess and the Frog,162.64,Animation,Disney,Metamorphosis,2009,72,7050,105,0.61,162,104.4,3434,24.2,2.543238095,0.84,267
0,,0,,No,No,Monsters Vs. Aliens,183.2,Animation,Paramount,Monster Force,2009,65,14454,175,0.54,206.5,198.4,4104,59.3,2.18,0.72,382
0,,0,,No,No,Ice Age: Dawn of the Dinosaurs,690.11,Animation,Fox,Quest,2009,72,10171,90,0.9,796.7,196.6,4099,41.7,9.852,0.45,887
0,,0,,No,No,Astro Boy,24.54,Animation,Summit,Quest,2009,53,2224,65,-0.47,-20.9,19.6,3014,6.7,0.678307692,0.49,44
0,,0,,No,No,Fantastic Mr. Fox,25.46,Animation,Fox,Rivalry,2009,80,3426,40,0.14,6.5,21,2033,7,1.1615,0.93,46
0,,0,,No,No,9,16.67,Animation,Focus,Sacrifice,2009,58,10398,30,0.38,18.4,31.7,1661,10.7,1.613666667,0.57,48
0,,0,,No,No,A Christmas Carol,187.43,Animation,Disney,Transformation,2009,72,8159,200,0.39,125.3,137.9,3683,30.1,1.62665,0.52,325
0,,0,,No,No,Notorious,7.52,Biography,Fox,Tragedy,2009,66,12514,20,0.55,24.4,36.8,1638,20.5,2.218,0.5,44
0,,0,,No,No,Julie & Julia,32.52,Biography,Sony,Underdog,2009,69,8508,40,0.68,86.6,94.1,2354,20,3.166,0.74,127
0,,0,,No,No,Public Enemies,117,Biography,Universal,Underdog,2009,65,7580,100,0.53,114.1,97.1,3334,25.2,2.141,0.67,214
0,,0,,No,No,Invictus,84.74,Biography,Warner Bros.,Underdog,2009,74,4052,60,0.51,62.2,37.5,2125,8.6,2.037166667,0.75,122
0,,0,,No,No,Old Dogs,47.26,Comedy,Buena Vista,Comedy,2009,49,4933,35,0.64,61.8,49.5,3425,16.9,2.764285714,0.05,97
0,,0,,No,No,Confessions of a Shopaholic,64.05,Comedy,Disney,Comedy,2009,53,6010,70,0.35,38.3,44.3,2507,15,1.55,0.24,108
0,,0,,No,No,"Pirate Radio (The Boat that Rocked, UK)",28.33,Comedy,Focus,Comedy,2009,72,3293,50,-0.38,-13.7,8,882,2.9,0.7268,0.6,36
0,,0,,No,No,All About Steve,6.26,Comedy,Fox,Comedy,2009,35,4994,15,0.63,25.1,33.9,2251,11.2,2.674666667,0.06,40
0,,0,,No,No,I Love You Beth Cooper,1.58,Comedy,Fox,Comedy,2009,38,2648,18,-0.1,-1.6,14.8,1856,4.9,0.91,0.14,16
0,,0,,No,No,Bride Wars,56.43,Comedy,Fox,Comedy,2009,56,6528,30,0.74,85.2,58.8,3226,21.1,3.838333333,0.11,115
0,,0,,No,No,My Life in Ruins,9.34,Comedy,Independent,Comedy,2009,43,2769,17,0.06,1,8.7,1164,3.2,1.06,0.09,18
0,,0,,No,No,The Men Who Stare at Goats,36.54,Comedy,Independent,Comedy,2009,43,5201,25,0.64,43.9,32.4,2443,12.7,2.7576,0.52,69
0,,0,,No,No,Fired Up!,1.4,Comedy,Independent,Comedy,2009,52,3030,20,-0.08,-1.4,17.2,1810,5.5,0.93,0.22,19
0,,0,,No,No,Extract,0.03,Comedy,Miramax,Comedy,2009,37,2694,7.5,0.31,3.3,10.8,1611,4.3,1.443333333,0.62,11
0,,0,,No,No,Imagine That,6.86,Comedy,Paramount,Comedy,2009,44,1830,55,-1.39,-32,16.1,3008,5.5,0.418,0.38,23
0,,0,,No,No,Hotel for Dogs,45.2,Comedy,Paramount,Comedy,2009,57,5201,35,0.7,83.2,73,3271,17,3.377142857,0.46,118
0,,0,,No,No,"I Love You, Man",20,Comedy,Paramount,Comedy,2009,72,6570,40,0.56,51.4,71.4,2711,17.8,2.285,0.83,91
0,,0,,No,No,Did You Hear About the Morgans?,55.7,Comedy,Sony,Comedy,2009,31,2434,58,0.32,27.3,29.6,2718,6.6,1.470344828,0.12,85
0,,0,,No,No,Couples Retreat,62.63,Comedy,Universal,Comedy,2009,47,11429,60,0.65,111.8,109.2,3000,34.3,2.863833333,0.12,172
0,,0,,No,No,Bruno,70.7,Comedy,Universal,Comedy,2009,48,11110,42,0.68,88.8,60.1,2756,30.6,3.114285714,0.68,131
0,,0,,No,No,Observe and Report,2.96,Comedy,Warner Bros.,Comedy,2009,40,4040,18,0.33,9,24,2727,11,1.497777778,0.51,27
0,,0,,No,No,The Informant!,8.45,Comedy,Warner Bros.,Comedy,2009,42,4177,22,0.47,19.8,33.3,2505,10.5,1.898181818,0.78,42
0,,0,,No,No,The Hangover,190.16,Comedy,Warner Bros.,Comedy,2009,87,13759,35,0.93,432.5,277.3,3269,45,13.356,0.79,467
0,,0,,No,No,Away We Go,5.44,Comedy,Focus,Discovery,2009,74,32603,21,-0.41,-6.1,9.5,4,0.1,0.709047619,0.67,15
0,,0,,No,No,Whatever Works,29.8,Comedy,Independent,Discovery,2009,63,29574,15,0.57,20.1,5.3,9,0.3,2.34,0.5,35
0,,0,,No,No,The Proposal,150.7,Comedy,Disney,Love,2009,74,11004,40,0.87,274.7,164,3056,33.6,7.8675,0.43,315
0,,0,,No,No,(500) Days of Summer,28.33,Comedy,Fox,Love,2009,81,4577,7.5,0.88,53.2,32.4,817,3.8,8.096,0.87,61
0,,0,,No,No,The Ugly Truth,116.4,Comedy,Independent,Love,2009,68,9579,38,0.81,167.3,88.9,2882,27.6,5.402631579,0.14,205
0,,0,,No,No,It's Complicated,111.87,Comedy,Universal,Love,2009,63,7655,85,0.62,139.6,112.7,2887,22.1,2.642352941,0.56,225
0,,0,,No,No,Ghosts of Girlfriends Past,46.97,Comedy,Warner Bros.,Love,2009,47,4854,50,0.51,52.2,55.3,3175,15.4,2.0444,0.27,102
0,,0,,No,No,The Invention of Lying,13.95,Comedy,Warner Bros.,Love,2009,47,4117,18.5,0.43,13.9,18.5,1707,7,1.751351351,0.56,32
0,,0,,No,No,He's Just Not That Into You,84.89,Comedy,Warner Bros.,Love,2009,60,8751,25,0.86,153.8,94,3175,27.8,7.1536,0.42,179
0,,0,,No,No,Hannah Montana: The Movie,70.52,Comedy,Disney,Maturation,2009,66,10367,35,0.77,115.1,79.6,3118,32.3,4.288571429,0.44,150
0,,0,,No,No,Post Grad,0,Comedy,Fox,Maturation,2009,31,1354,15,-1.35,-8.6,6.4,1959,2.6,0.425333333,0.07,6
0,,0,,No,No,17 Again,72.1,Comedy,Independent,Maturation,2009,70,7288,20,0.85,116.3,64.2,3255,23.7,6.815,0.55,136
0,,0,,No,No,Fame,55.5,Comedy,MGM,Maturation,2009,43,3234,18,0.77,60,22.5,3096,10,4.333333333,0.25,78
0,,0,,No,No,Adventureland,1.1,Comedy,Miramax,Maturation,2009,56,3073,9.8,0.43,7.3,16,1862,5.7,1.748979592,0.89,17
0,,0,,No,No,Bandslam,6.9,Comedy,Summit,Maturation,2009,60,1052,20,-0.65,-7.9,5.2,2121,2.2,0.61,0.79,12
0,,0,,No,No,Jennifer's Body,15.35,Comedy,Fox,Monster Force,2009,37,2542,16,0.49,15.6,16.2,2702,6.9,1.971875,0.42,32
0,,0,,No,No,Taking Woodstock,2.5,Comedy,Focus,Quest,2009,48,2482,29,-1.9,-19,7.5,1393,3.5,0.344827586,0.48,10
0,,0,,No,No,Sunshine Cleaning,4.51,Comedy,Independent,Transformation,2009,59,1527,5,0.7,11.6,12.1,642,0.9,3.314,0.72,17
0,,0,,No,No,Funny People,19.73,Comedy,Universal,Transformation,2009,58,7535,75,-0.05,-3.4,51.9,3007,22.7,0.9544,0.68,72
0,,0,,No,No,My Bloody Valentine 3-D,51.2,Crime,Lionsgate,Pursuit,2009,48,8383,14,0.86,88.7,51.5,2534,21.2,7.338571429,0.57,103
0,,0,,No,No,Law Abiding Citizen,53.08,Crime,Independent,Revenge,2009,77,7280,53,0.58,73.5,73.4,2890,21,2.386415094,0.25,126
0,,0,,No,No,State of Play,51.32,Crime,Universal,The Riddle,2009,71,5020,60,0.32,28.3,37,2803,14.1,1.47,0.84,88
0,,0,,No,No,Michael Jackson's This Is It,180,Documentary,Sony,Tragedy,2009,82,6675,60,0.76,192.1,72.1,3481,23.3,4.201666667,0.81,252
0,,0,,No,No,Everybody's Fine,7.2,Drama,Miramax,Discovery,2009,55,1806,21,-0.28,-4.6,9.2,2133,3.9,0.780952381,0.46,16
0,,0,,No,No,Nine,34.32,Drama,Weinstein Co.,Discovery,2009,40,3862,80,-0.48,-26,19.7,1412,5.5,0.674875,0.37,54
0,,0,,No,No,Knowing,103.63,Drama,Summit,Escape,2009,50,7384,50,0.73,133.6,80,3332,24.6,3.6716,0.33,184
0,,0,,No,No,My Sister's Keeper,39.85,Drama,Warner Bros.,Escape,2009,73,4774,27.5,0.69,61.6,49.2,2606,12.4,3.238181818,0.47,89
0,,0,,No,No,Land of the Lost,20.11,Drama,Universal,Journey and Return,2009,38,5350,100,-0.44,-30.5,49.4,3521,18.8,0.6954,0.26,70
0,,0,,No,No,Not Easily Broken,0.14,Drama,Independent,Love,2009,66,7340,5,0.53,5.7,10.6,724,5.3,2.14,0.34,11
0,,0,,No,No,The Time Traveler's Wife,37.92,Drama,Paramount,Love,2009,65,6233,39,0.62,62.3,63.4,2988,18.6,2.598205128,0.38,101
0,,0,,No,No,The Twilight Saga: New Moon,413.2,Drama,Summit,Love,2009,78,35497,50,0.93,659.8,296.6,4024,142.8,14.1964,0.27,710
0,,0,,No,No,Love Happens,13.12,Drama,Universal,Love,2009,40,4245,18,0.5,18.1,23,1898,8.1,2.004444444,0.18,36
0,,0,,No,No,A Serious Man,21.48,Drama,Universal,Love,2009,64,41890,7,0.77,23.7,9.2,6,0.3,4.382857143,0.89,31
0,,0,,No,No,Whip It,3,Drama,Independent,Maturation,2009,73,2702,15,0.06,1,13,1721,4.7,1.066666667,0.84,16
0,,0,,No,No,An Education,13.52,Drama,Sony Classics,Maturation,2009,78,1003,7.5,0.71,18.6,12.6,761,0.8,3.478666667,0.94,26
0,,0,,No,No,The Haunting in Connecticut,22.13,Drama,Lionsgate,Monster Force,2009,51,8420,30,0.61,47.5,55.4,2732,23,2.584,0.17,78
0,,0,,No,No,The Uninvited,14.1,Drama,Paramount,Monster Force,2009,52,4405,,,,28.6,2344,10.3,,0.31,43
0,,0,,No,No,The Soloist,6.73,Drama,Paramount,Quest,2009,59,4801,60,-0.56,-21.6,31.7,2024,9.7,0.6405,0.56,38
0,,0,,No,No,Obsessed,5.56,Drama,Sony,Rivalry,2009,50,11318,20,0.73,53.8,68.3,2514,28.6,3.691,0.2,74
0,,0,,No,No,The Box,18.28,Drama,Warner Bros.,Temptation,2009,27,2873,30,0.1,3.4,15.1,2635,7.6,1.112666667,0.46,33
0,,0,,No,No,The Lovely Bones,50.78,Drama,Paramount,Tragedy,2009,57,6635,65,0.31,29.8,44,2563,17,1.458153846,0.32,95
0,,0,,No,No,Brothers,14.77,Drama,Lionsgate,Transformation,2009,62,4563,26,0.4,17.3,28.5,2088,9.5,1.664230769,0.61,43
0,,0,,No,No,Halloween II,6.02,Horror,Independent,Escape,2009,45,5405,15,0.62,24.4,33.4,3025,16.3,2.627333333,0.2,39
0,,0,,No,No,Saw VI,40.5,Horror,Independent,Escape,2009,67,4650,11,0.84,57.2,27.7,3036,14.1,6.199090909,0.4,68
0,,0,,No,No,The Final Destination,119.3,Horror,Warner Bros.,Escape,2009,52,8782,40,0.78,145.8,66.5,3121,27.4,4.645,0.29,186
0,,0,,No,No,Orphan,36.74,Horror,Warner Bros.,Escape,2009,65,4681,30,0.62,48.3,41.6,2750,12.8,2.611,0.55,78
0,,0,,No,No,Paranormal Activity,88.76,Horror,Independent,Monster Force,2009,56,25813,0,1,196.7,107.9,760,19.6,13112,0.82,197
0,,0,,No,No,Friday the 13th,26.4,Horror,Paramount,Monster Force,2009,52,13066,19,0.79,72.4,65,3105,40.6,4.810526316,0.25,91
0,,0,,No,No,The Unborn,33.84,Horror,Relativity Media,Monster Force,2009,39,8405,16,0.79,60.5,42.7,2357,19.8,4.781875,0.11,77
0,,0,,No,No,Drag Me to Hell,48.7,Horror,Universal,Monster Force,2009,61,6310,30,0.67,60.8,42.1,2508,15.8,3.026666667,0.92,91
0,,0,,No,No,Sorority Row,15.24,Horror,Summit,Pursuit,2009,38,1899,12.5,0.54,14.7,12,2665,5.1,2.1768,0.22,27
0,,0,,No,No,A Perfect Getaway,7.33,Mystery,Universal,Escape,2009,50,2755,14,0.39,8.8,15.5,2159,5.9,1.630714286,0.61,23
0,,0,,No,No,The Fourth Kind,22.22,Mystery,Universal,Monster Force,2009,44,4840,10,0.79,37.7,25.5,2527,12.2,4.77,0.18,48
0,,0,,No,No,The Stepfather,2.13,Mystery,Sony,Rescue,2009,48,4236,20,0.36,11.2,29.1,2734,11.6,1.56,0.12,31
0,,0,,No,No,Angels & Demons,352.6,Mystery,Sony,The Riddle,2009,65,13100,150,0.69,335.9,133.4,3527,46.2,3.239333333,0.36,486
0,,0,,No,No,Duplicity,37.57,Romance,Universal,Rivalry,2009,38,5425,60,0.23,18.1,40.6,2574,14,1.302333333,0.64,78
0,,1,Adapted Screenplay,No,No,Up in the Air,83,Drama,Paramount,Maturation,2009,76,5947,25,0.85,141.8,83.8,1895,11.2,6.6728,0.9,167
0,,0,,No,No,MacGruber,0.8,Action,Independent,Comedy,2010,33,1585,10,-0.07,-0.7,8.5,2551,4,0.933,0.47,9
0,,0,,No,No,The Other Guys,51.05,Action,Sony,Comedy,2010,57,9735,100,0.41,70.3,119.2,3651,35.5,1.7027,0.78,170
0,,0,,No,No,Daybreakers,21.31,Action,Lionsgate,Discovery,2010,50,6003,20,0.61,31.4,30.1,2523,15.1,2.5705,0.67,51
0,,0,,No,No,Tron: Legacy,143.2,Action,Independent,Fish Out Of Water,2010,67,12578,170,0.42,121.4,148.2,3451,44,1.714176471,0.5,291
0,,0,,No,No,Inception,531,Action,Warner Bros.,Journey and Return,2010,93,16557,160,0.81,663.6,292.6,3792,62.8,5.147375,0.86,824
0,,0,,No,No,Killers,46.34,Action,Lionsgate,Love,2010,45,5539,75,0.2,18.4,47.1,2859,15.8,1.245333333,0.11,93
0,,0,,No,No,Predators,74.74,Action,Fox,Monster Force,2010,52,9277,40,0.68,86.7,52,2669,24.8,3.1685,0.64,127
0,,0,,No,No,Resident Evil: Afterlife,236.09,Action,Highlight Communications,Monster Force,2010,53,8320,60,0.8,236.2,60.1,3203,26.7,4.937,0.24,296
0,,0,,No,No,Skyline,33.87,Action,Independent,Monster Force,2010,19,4060,10,0.82,45.3,21.4,2880,11.7,5.526,0.16,55
0,,0,,No,No,Legion,27.74,Action,Independent,Monster Force,2010,36,7069,26,0.62,41.9,40.2,2476,17.5,2.611923077,0.19,68
0,,0,,No,No,The Sorcerer's Apprentice,152.13,Action,Disney,Pursuit,2010,57,5028,150,0.3,65.3,63.2,3504,17.6,1.4352,0.42,215
0,,0,,No,No,Knight and Day,185.26,Action,Fox,Pursuit,2010,52,6501,117,0.55,144.7,76.4,3098,20.2,2.236581197,0.53,262
0,,0,,No,No,The A-Team,99.81,Action,Fox,Pursuit,2010,71,7262,100,0.44,77,77.2,3535,25.7,1.7703,0.47,177
0,,0,,No,No,Cats & Dogs: The Revenge of Kitty Galore,68.9,Action,Independent,Pursuit,2010,43,3314,85,0.24,27.5,43.6,3705,12.3,1.323411765,0.13,112
0,,0,,No,No,From Paris with Love,28.72,Action,Independent,Pursuit,2010,57,2997,52,0.02,0.8,24.1,2722,8.2,1.015384615,0.38,53
0,,0,,No,No,The Expendables,171.4,Action,Independent,Pursuit,2010,58,10650,82,0.7,192.5,103.1,3270,34.8,3.347195122,0.4,274
0,,0,,No,No,The Book of Eli,58.62,Action,Independent,Quest,2010,68,10540,80,0.48,73.5,94.8,3111,32.7,1.91825,0.48,153
0,,0,,No,No,The Last Airbender,187.35,Action,Paramount,Quest,2010,42,12725,150,0.53,169.1,131.8,3169,40.3,2.127466667,0.06,319
0,,0,,No,No,Green Zone,59.82,Action,Universal,Quest,2010,60,4765,100,-0.05,-5.1,35.1,3003,14.3,0.9487,0.53,95
0,,0,,No,No,Clash of the Titans,330,Action,Warner Bros.,Quest,2010,48,16213,125,0.75,368.2,163.2,3777,61.2,3.94568,0.28,493
0,,0,,No,No,Unstoppable,87.94,Action,Fox,Rescue,2010,73,7075,95,0.44,74.5,81.6,3207,22.7,1.784210526,0.86,170
0,,0,,No,No,Repo Men,4.62,Action,Universal,Rescue,2010,43,2430,32,-0.74,-13.6,13.8,2521,6.1,0.5753125,0.22,18
0,,0,,No,No,Faster,1.97,Action,CBS,Revenge,2010,50,3873,24,0.04,0.9,22.9,2454,8.5,1.037916667,0.41,25
0,,0,,No,No,Machete,15.55,Action,Independent,Revenge,2010,66,4276,20,0.53,22.1,26.6,2670,11,2.107,0.73,42
0,,0,,No,No,Salt,175.19,Action,Sony,Revenge,2010,62,9970,110,0.63,183.5,118.3,3612,36,2.668181818,0.62,294
0,,0,,No,No,Jonah Hex,0.36,Action,Warner Bros.,Revenge,2010,24,1904,47,-3.31,-36.1,10.6,2825,5.4,0.23212766,0.13,11
0,,0,,No,No,The Losers,5.79,Action,Warner Bros.,Revenge,2010,55,3204,25,0.15,4.4,23.6,2936,9.4,1.1752,0.47,29
0,,0,,No,No,Prince of Persia: The Sands of Time,244.39,Action,Disney,Rivalry,2010,71,8254,200,0.4,135.2,90.8,3646,30,1.67575,0.36,335
0,,0,,No,No,Percy Jackson & the Olympians: The Lightning Thief,137.73,Action,Fox,Rivalry,2010,57,9308,95,0.58,131.5,88.8,3356,31.2,2.384210526,0.5,227
0,,0,,No,No,Kick-Ass,48.06,Action,Independent,Rivalry,2010,83,6469,30,0.69,66.1,48.1,3065,19.8,3.204333333,0.76,96
0,,0,,No,No,Iron Man 2,309.62,Action,Paramount,Rivalry,2010,80,29252,200,0.68,422.1,312.4,4380,128.1,3.11025,0.74,622
0,,0,,No,No,The Spy Next Door,19.27,Action,Relativity Media,Rivalry,2010,46,3326,,,,24.3,2924,9.7,,0.13,44
0,,0,,No,No,The Bounty Hunter,69.26,Action,Sony,Rivalry,2010,41,6729,40,0.71,96.3,67.1,3074,20.7,3.408,0.07,136
0,,0,,No,No,Takers,10.42,Action,Sony,Rivalry,2010,57,9298,32,0.53,36.2,57.7,2206,20.5,2.13,0.27,68
0,,0,,No,No,Red,74.58,Action,Summit,Rivalry,2010,72,6686,58,0.65,106.4,89.8,3255,21.8,2.834827586,0.71,164
0,,0,,No,No,Robin Hood,216.4,Action,Universal,Rivalry,2010,59,10295,200,0.38,121.7,105.3,3503,36,1.60835,0.42,322
0,,0,,No,No,Brooklyn's Finest,9.15,Action,Independent,Temptation,2010,47,6896,17,0.53,19.4,27.2,1936,13.4,2.138235294,0.42,36
0,,0,,No,No,Cop Out,10.64,Action,Warner Bros.,The Riddle,2010,45,5781,30,0.46,25.5,44.9,3150,18.2,1.850666667,0.19,56
0,,0,,No,No,The Karate Kid,182.53,Action,Sony,Underdog,2010,75,15197,40,0.89,319.1,176.6,3663,55.7,8.978,0.66,359
0,,0,,No,No,Scott Pilgrim vs. the World,16.05,Action,Universal,Underdog,2010,83,3765,60,-0.26,-12.4,31.5,2818,10.6,0.792833333,0.81,48
0,,0,,No,No,127 Hours,42.4,Adventure,Independent,Escape,2010,84,2333,18,0.7,42.7,18.3,916,2.1,3.373888889,0.93,61
0,,0,,No,No,Alice in Wonderland,690.2,Adventure,Disney,Journey and Return,2010,72,31143,200,0.8,824.4,334.2,3728,116.1,5.12195,0.52,1024
0,,0,,No,No,Hot Tub Time Machine,14.13,Adventure,MGM,Journey and Return,2010,57,5091,36,0.44,28.4,50.3,2754,14,1.789444444,0.64,64
0,,0,,No,No,The Chronicles of Narnia: The Voyage of the Dawn Treader,311,Adventure,Fox,Quest,2010,63,6752,155,0.63,260,104,3555,24,2.677419355,0.49,415
0,,0,,No,No,Harry Potter and the Deathly Hallows Part 1,660,Adventure,Warner Bros.,Quest,2010,87,30307,125,0.87,830,295,4125,125,7.64,0.79,955
0,,0,,No,No,True Grit,81.03,Adventure,Paramount,Revenge,2010,86,8149,38,0.85,214,171,3047,24,6.632368421,0.96,252
0,,0,,No,No,Alpha and Omega,4.8,Animation,Crest,Journey and Return,2010,41,3469,20,0.33,9.9,25.1,2625,9.1,1.496,0.17,30
0,,0,,No,No,Shrek Forever After,510.06,Animation,Paramount,Journey and Return,2010,64,16251,165,0.78,583.8,238.7,4359,70.8,4.538181818,0.57,749
0,,0,,No,No,Tangled,179.3,Animation,Disney,Love,2010,88,13535,260,0.27,95.1,175.8,3603,48.8,1.365692308,0.89,355
0,,0,,No,No,Despicable Me,290.5,Animation,Universal,Maturation,2010,81,16225,69,0.87,472.9,251.4,3476,56.4,7.853333333,0.81,542
0,,0,,No,No,Toy Story 3,648.16,Animation,Disney,Rescue,2010,91,27385,200,0.81,863.2,415,4028,110.3,5.3158,0.99,1063
0,,0,,No,No,Legend of the Guardians: The Owls of Ga'Hoole,84.26,Animation,Warner Bros.,Rivalry,2010,65,4507,80,0.43,59.9,55.6,3575,16.1,1.74875,0.51,140
0,,0,,No,No,Megamind,173.46,Animation,Paramount,Transformation,2010,73,11668,130,0.59,188.1,144.7,3944,46,2.447153846,0.72,318
0,,0,,No,No,How to Train Your Dragon,277.3,Animation,Paramount,Underdog,2010,90,10785,165,0.67,329.9,217.6,4055,43.7,2.999272727,0.98,495
0,,0,,No,No,The Runaways,1.11,Biography,Independent,Maturation,2010,56,3300,10,-1.14,-5.3,3.6,244,0.8,0.468,0.68,5
0,,0,,No,No,The Social Network,105.52,Biography,Sony,Rags to Riches,2010,89,8100,50,0.75,149.6,94.1,2771,22.4,3.992,0.96,200
0,,0,,No,No,Conviction,2.92,Biography,Independent,Rescue,2010,71,2424,12.5,-0.29,-2.8,6.8,672,1.6,0.7768,0.68,10
0,,0,,No,No,Yogi Bear,102.03,Comedy,,,2010,36,4669,80,0.6,122.3,100.2,3515,16.4,2.528375,0.14,202
0,,0,,No,No,Tooth Fairy,52.34,Comedy,Fox,Comedy,2010,46,4190,48,0.57,64.4,60,3344,14,2.340833333,0.16,112
0,,0,,No,No,Vampires Suck,43.32,Comedy,Independent,Comedy,2010,32,3774,20,0.75,60,36.7,3233,12.2,3.999,0.04,80
0,,0,,No,No,All About Steve,6.26,Comedy,Independent,Comedy,2010,35,4994,15,0.63,25.1,33.9,2251,11.2,2.674666667,0.06,40
0,,0,,No,No,I'm Still Here,0.14,Comedy,Independent,Comedy,2010,38,,,,,0.4,120,0.1,,0.52,1
0,,0,,No,No,Little Fockers,109.01,Comedy,Independent,Comedy,2010,40,8720,100,0.57,132.7,123.7,3536,30.8,2.327,0.09,233
0,,0,,No,No,The Switch,19.95,Comedy,Independent,Comedy,2010,44,4193,19,0.6,28.7,27.8,2012,8.4,2.512105263,0.52,48
0,,0,,No,No,You Again,6.16,Comedy,Independent,Comedy,2010,45,3300,20,0.37,11.9,25.7,2548,8.4,1.593,0.18,32
0,,0,,No,No,Death at a Funeral,6.31,Comedy,Independent,Comedy,2010,48,6595,21,0.57,28.1,42.7,2459,16.2,2.335714286,0.4,49
0,,0,,No,No,Morning Glory,27.78,Comedy,Independent,Comedy,2010,54,3655,40,0.32,18.8,31,2518,9.2,1.46975,0.54,59
0,,0,,No,No,Grown Ups,105.5,Comedy,Independent,Comedy,2010,59,11462,80,0.7,187.4,161.9,3534,40.5,3.3425,0.1,267
0,,0,,No,No,The Kids Are All Right,8.55,Comedy,Independent,Comedy,2010,72,4162,4,0.86,25.4,20.8,847,3.5,7.34,0.94,29
0,,0,,No,No,Why Did I Get Married Too?,0.58,Comedy,Lionsgate,Comedy,2010,67,13591,20,0.67,40.7,60.1,2155,29.3,3.0335,0.27,61
0,,0,,No,No,Dinner for Schmucks,13.38,Comedy,Paramount,Comedy,2010,47,8082,69,0.2,17.4,73,2911,23.5,1.252318841,0.43,86
0,,0,,No,No,Please Give,0.23,Comedy,Sony,Comedy,2010,62,,3,0.3,1.3,4,,0.1,1.42,0.88,4
0,,0,,No,No,Furry Vengeance,18.34,Comedy,Summit,Comedy,2010,36,2211,35,0.03,1,17.6,2997,6.6,1.027714286,0.08,36
0,,0,,No,No,Nanny McPhee Returns,64.23,Comedy,Universal,Comedy,2010,54,3020,35,0.62,58.2,29,2784,8.4,2.664,0.77,93
0,,0,,No,No,Get Him to the Greek,30.42,Comedy,Universal,Comedy,2010,63,6515,40,0.56,51.4,61,2697,17.6,2.28475,0.73,91
0,,0,,No,No,Due Date,100.9,Comedy,Warner Bros.,Comedy,2010,56,9743,50,0.75,150.6,99.7,3355,32.7,4.011,0.4,201
0,,0,,No,No,Knucklehead,,Comedy,WWE Studios,Comedy,2010,35,,,,,,,,,0.1,0
0,,0,,No,No,Gulliver's Travels,194,Comedy,Fox,Journey and Return,2010,31,2477,112,0.53,124,42,2546,6.3,2.107142857,0.21,236
0,,0,,No,No,The Back-up Plan,39.6,Comedy,CBS,Love,2010,47,3720,35,0.55,42.1,37.5,3280,12.2,2.202571429,0.2,77
0,,0,,No,No,When in Rome,10.36,Comedy,Disney,Love,2010,44,5029,,,,32.7,2456,12.3,,0.15,43
0,,0,,No,No,Love & Other Drugs,22.85,Comedy,Fox,Love,2010,55,3967,30,0.45,24.5,31.7,2455,9.7,1.817666667,0.48,55
0,,0,,No,No,Just Wright,0.029,Comedy,Fox,Love,2010,58,4525,12,0.44,9.6,21.5,1831,8.3,1.797416667,0.45,22
0,,0,,No,No,You Will Meet a Tall Dark Stranger,23.42,Comedy,Independent,Love,2010,35,,22,0.17,4.7,3.2,402,0.2,1.211818182,0.43,27
0,,0,,No,No,Our Family Wedding,1.11,Comedy,Independent,Love,2010,49,4754,,,,20.3,1605,7.6,,0.14,21
0,,0,,No,No,I Love You Phillip Morris,18.66,Comedy,Independent,Love,2010,57,,15,0.25,5.1,1.4,100,0.1,1.34,0.71,20
0,,0,,No,No,Life as We Know It,43.03,Comedy,Independent,Love,2010,62,4605,38,0.6,58.2,53.1,3150,14.5,2.530526316,0.28,96
0,,0,,No,No,She's Out of My League,16.8,Comedy,Paramount,Love,2010,60,3307,20,0.59,28.8,32,2956,9.8,2.4405,0.57,49
0,,0,,No,No,Letters to Juliet,26.15,Comedy,Summit,Love,2010,62,4562,30,0.62,49.2,53,2968,13.5,2.639333333,0.4,79
0,,0,,No,No,Youth in Revolt,4.34,Comedy,The Weinstein Company,Love,2010,52,3678,18,0.08,1.6,15.3,1873,6.9,1.09,0.68,20
0,,0,,No,No,Leap Year,6.69,Comedy,Universal,Love,2010,49,3665,19,0.42,13.6,25.9,2511,9.2,1.715263158,0.21,33
0,,0,,No,No,Sex and the City 2,193,Comedy,Warner Bros.,Love,2010,49,8999,100,0.65,188.4,95.4,3445,31,2.8835,0.15,288
0,,0,,No,No,Valentine's Day,107.08,Comedy,Warner Bros.,Love,2010,54,15351,52,0.76,165.6,110.5,3655,56.2,4.184038462,0.17,218
0,,0,,No,No,Going the Distance,24.25,Comedy,Warner Bros.,Love,2010,56,2272,32,0.24,10.1,17.8,3030,6.9,1.3140625,0.53,42
0,,0,,No,No,Barry Munday,,Comedy,Independent,Maturation,2010,43,,,,,,,,,0.43,
0,,0,,No,No,Easy A,15.24,Comedy,Sony,Maturation,2010,75,6209,8,0.89,65.6,58.4,2856,17.7,9.205,0.85,74
0,,0,,No,No,Piranha 3-D,54.78,Comedy,The Weinstein Company,Monster Force,2010,45,4092,24,0.7,55.8,25,2470,10.1,3.324166667,0.74,80
0,,0,,No,No,Date Night,53.55,Comedy,Fox,Pursuit,2010,58,7471,55,0.64,97.3,98.7,3374,25.2,2.768363636,0.66,152
0,,0,,No,No,Marmaduke,49.71,Comedy,Fox,Rivalry,2010,46,3610,50,0.4,33.4,33.6,3213,11.6,1.667,0.09,83
0,,0,,No,No,Cyrus,2.45,Comedy,Independent,Rivalry,2010,51,45429,7,0.29,2.9,7.5,4,0.2,1.417142857,0.8,10
0,,0,,No,No,The Joneses,0.49,Comedy,Independent,Temptation,2010,47,,10,-4.08,-8,1.5,,0.5,0.197,0.61,2
0,,0,,No,No,Greenberg,1.92,Comedy,Independent,Transformation,2010,40,39384,,,,4.2,3,0.1,,0.75,6
0,,0,,No,No,City Island,1.19,Comedy,Independent,Transformation,2010,77,16000,6,0.24,1.9,6.7,2,0,1.31,0.81,8
0,,0,,No,No,Diary of a Wimpy Kid,11.7,Comedy,Independent,Underdog,2010,49,7191,15,0.8,60.7,64,3077,22.1,5.046666667,0.53,76
0,,0,,No,No,Solitary Man,0.7,Comedy,Independent,Wretched Excess,2010,47,23734,15,-1.96,-9.9,4.4,4,0.1,0.337333333,0.81,5
0,,0,,No,No,Saw 3-D,76.8,Crime,Independent,Escape,2010,47,8024,20,0.84,102.5,45.7,2808,22.5,6.1255,0.1,123
0,,0,,No,No,The Next Three Days,20.6,Crime,Lionsgate,Rescue,2010,66,2552,30,0.28,11.8,21.2,2564,6.5,1.391666667,0.51,42
0,,0,,No,No,Edge of Darkness,37.81,Crime,Warner Bros.,Revenge,2010,56,5615,80,0.01,1.1,43.3,3066,17.2,1.014,0.55,81
0,,0,,No,No,The American,10.39,Crime,Universal,Rivalry,2010,37,4668,20,0.57,26,35.6,2823,13.1,2.3,0.66,46
0,,0,,No,No,The Town,52.37,Crime,Warner Bros.,Rivalry,2010,83,8322,37,0.74,107.6,92.2,2856,23.8,3.906756757,0.94,145
0,,0,,No,No,The Killer Inside Me,3.36,Crime,Independent,The Riddle,2010,41,,13,-2.63,-9.4,0.2,,11.1,0.275384615,0.56,4
0,,0,,No,No,Jackass 3-D,52.76,Documentary,Paramount,Comedy,2010,72,16343,20,0.88,150,117.2,3081,50.4,8.4975,0.63,170
0,,0,,No,No,The Last Song,26.09,Drama,Disney,Discovery,2010,66,5989,20,0.78,69,63,2673,16,4.452,0.19,89
0,,0,,No,No,The Greatest,0.3,Drama,Independent,Discovery,2010,39,,6,-13.63,-5.6,0.1,,0.3,0.068333333,0.52,0
0,,0,,No,No,The Company Men,,Drama,Independent,Discovery,2010,56,,,,,,,,,0.66,0
0,,0,,No,No,For Colored Girls,17.32,Drama,Independent,Discovery,2010,73,9167,21,0.62,34,37.7,2127,19.5,2.61952381,0.33,55
0,,0,,No,No,Buried,17.33,Drama,Independent,Escape,2010,63,9115,2,0.89,16.4,1,11,0.1,9.185,0.86,18
0,,0,,No,No,Eat Pray Love,123.91,Drama,Sony,Journey and Return,2010,46,7497,60,0.71,144.5,80.6,3082,23.1,3.408,0.36,204
0,,0,,No,No,Dear John,34.96,Drama,Sony,Love,2010,66,10262,25,0.78,90,80,2969,30.4,4.5988,0.29,115
0,,0,,No,No,Remember Me,36.79,Drama,Summit,Love,2010,70,3657,16,0.71,39.9,19.1,2212,8,3.49125,0.28,56
0,,0,,No,No,The Last Exorcism,25.42,Drama,Independent,Monster Force,2010,32,7087,1.8,0.97,64.7,41,2874,20.4,36.91666667,0.73,66
0,,0,,No,No,The Twilight Saga: Eclipse,393.05,Drama,Summit,Monster Force,2010,74,14510,68,0.9,625.6,300.5,4468,64.8,10.19970588,0.5,694
0,,0,,No,No,The Wolfman,77.81,Drama,Universal,Monster Force,2010,38,9770,150,-0.07,-10.2,62,3222,31.5,0.931933333,0.33,140
0,,0,,No,No,Winter's Bone,1.54,Drama,Independent,Quest,2010,73,,2,0.74,5.8,6.3,,0.8,3.895,0.94,8
0,,0,,No,No,Burlesque,17.84,Drama,Paramount,Rags to Riches,2010,66,3934,55,0.02,1.1,38.2,3037,12,1.019636364,0.36,56
0,,0,,No,No,Country Strong,0.31,Drama,Sony,Rags to Riches,2010,56,5145,15,0.27,5.5,20.2,1424,7.3,1.368,0.2,21
0,,0,,No,No,Stone,6.59,Drama,Independent,Rivalry,2010,20,12628,22,-1.62,-13.6,1.8,6,0.1,0.381818182,0.49,8
0,,0,,No,No,Wall Street: Money Never Sleeps,78.16,Drama,Independent,Rivalry,2010,43,5333,70,0.46,60.6,52.5,3565,19,1.866142857,0.54,131
0,,0,,No,No,Hachiko: A Dog's Story,40.26,Drama,Independent,Sacrifice,2010,85,,16,0.6,24.3,0,,18,2.51625,0.58,40
0,,0,,No,No,All Good Things,0.062,Drama,Independent,The Riddle,2010,64,18500,20,-30.15,-19.4,0.6,2,0,0.0321,0.33,1
0,,0,,No,No,Shutter Island,166.79,Drama,Paramount,The Riddle,2010,73,13729,80,0.73,214.8,128,2991,41,3.685,0.68,295
0,,0,,No,No,Never Let Me Go,7.3,Drama,Independent,Tragedy,2010,70,,15,-0.54,-5.3,2.4,4,0.1,0.648666667,0.7,10
0,,0,,No,No,Mother and Child,3.76,Drama,Independent,Transformation,2010,61,,7,-0.44,-2.1,1.1,4,0.4,0.695714286,0.79,5
0,,0,,No,No,Step Up 3D,116.75,Drama,Summit,Transformation,2010,67,6494,30,0.81,129.2,42.4,2435,15.8,5.305,0.46,159
0,,0,,No,No,Extraordinary Measures,3.07,Drama,CBS,Underdog,2010,55,2359,31,-1.05,-15.9,12.1,2549,6,0.488387097,0.27,15
0,,0,,No,No,Charlie St. Cloud,14.93,Fantasy,Universal,Discovery,2010,62,4555,44,0.05,2.1,31.2,2718,12.4,1.0475,0.27,46
0,,0,,No,No,Case 39,14.93,Horror,Independent,Monster Force,2010,42,2420,26,0.08,2.2,13.3,2211,5.4,1.084230769,0.23,28
0,,0,,No,No,Devil,23.23,Horror,Independent,Monster Force,2010,45,4375,10,0.82,46.8,33.6,2809,12.3,5.683,0.52,57
0,,0,,No,No,The Crazies,15.47,Horror,Liberty Starz,Monster Force,2010,54,6489,20,0.63,34.6,39.1,2476,16.1,2.7295,0.72,55
0,,0,,No,No,Paranormal Activity 2,92.75,Horror,Paramount,Monster Force,2010,,12649,3,0.98,174.5,84.8,3216,40.7,59.16666667,,178
0,,0,,No,No,My Soul to Take,5.09,Horror,Relativity Media,Monster Force,2010,29,2660,25,-0.26,-5.2,14.7,2572,6.8,0.7932,0.09,20
0,,0,,No,No,A Nightmare on Elm Street,52.59,Horror,Warner Bros.,Monster Force,2010,40,9875,35,0.7,80.7,63.1,3332,32.9,3.304857143,0.13,116
0,,0,,No,No,The Ghost Writer,44.48,Mystery,Summit,The Riddle,2010,68,2520,45,0.25,15,15.5,819,2,1.333777778,0.83,60
0,,0,,No,No,The Tourist,210,Thriller,Sony,,2010,44,5977,100,0.64,177,67,2756,16,2.77,0.2,277
0,,0,,No,No,Fast Five,416.3,Action,Universal,Escape,2011,83,23655,125,0.8,501.1,209.8,3644,86.2,5.00904,0.78,626
0,,0,,No,No,Abduction,54,Action,Vertigo Entertainment,Maturation,2011,46,3504,35,0.57,47.1,28.1,3118,10.9,2.344828571,0.04,82
0,,0,,No,No,Captain America: The First Avenger,191.75,Action,Disney,Metamorphosis,2011,75,17512,140,0.62,228.4,176.7,3715,65.1,2.631457143,0.78,368
0,,0,,No,No,Green Lantern,103.25,Action,Warner Bros,Metamorphosis,2011,48,13935,200,0.09,19.9,116.6,3816,53.2,1.099255,0.27,220
0,,0,,No,No,Thor,267.48,Action,Disney,Monster Force,2011,80,16618,150,0.67,298.5,181,3955,65.7,2.99008,0.77,449
0,,0,,No,No,X-Men: First Class,207.22,Action,Disney,Monster Force,2011,88,15134,160,0.55,193.6,146.4,3641,55.1,2.21014375,0.87,354
0,,0,,No,No,Season Of The Witch,66.8,Action,Relativity,Monster Force,2011,32,3769,40,0.56,51.6,24.8,2816,10.6,2.29,0.1,92
0,,0,,No,No,Battle: Los Angeles,128.27,Action,Relativity Media,Monster Force,2011,50,10411,70,0.67,141.8,83.6,3417,35.6,3.025971429,0.35,212
0,,0,,No,No,Priest,49.17,Action,Sony,Monster Force,2011,37,5221,60,0.23,18.3,29.1,2864,15,1.305133333,0.17,78
0,,0,,No,No,Cowboys and Aliens,74.58,Action,Universal,Monster Force,2011,50,9715,163,0.07,11.8,100.2,3750,36.4,1.072521472,0.44,175
0,,0,,No,No,Mission Impossible 4,480.4,Action,Paramount,Pursuit,2011,86,8672,145,0.79,543.8,208.4,3448,29.6,4.750206897,0.93,689
0,,0,,No,No,Sherlock Holmes 2,335.6,Action,Warner Bros,Pursuit,2011,79,10704,125,0.76,397,186.4,3703,39.6,4.17568,0.6,522
0,,0,,No,No,"Pirates of the Caribbean:On Stranger Tides",802.8,Action,Disney,Quest,2011,61,21697,250,0.76,793.9,241.1,4155,90.2,4.175484,0.34,1044
0,,0,,No,No,Transformers: Dark of the Moon,770.81,Action,DreamWorks Pictures,Quest,2011,67,23937,195,0.83,928.2,352.4,4088,97.9,5.759974359,0.35,1123
0,,0,,No,No,Sucker Punch,53.4,Action,Legendary Pictures,Quest,2011,48,6284,82,0.09,7.8,36.4,3033,19.1,1.09502439,0.23,90
0,,0,,No,No,Conan the Barbarian,27.5,Action,Lionsgate,Quest,2011,34,3324,90,-0.84,-41.2,21.3,3015,10,0.542166667,0.22,49
0,,0,,No,No,Sanctum,85.4,Action,Relativity Media,Quest,2011,39,3390,30,0.72,78.6,23.2,2787,9.4,3.62,0.3,109
0,,0,,No,No,The Eagle,7.63,Action,Universal,Quest,2011,43,3782,25,0.08,2.1,19.5,2296,8.7,1.08484,0.39,27
0,,0,,No,No,Hanna,23.52,Action,Universal,Quest,2011,67,4880,30,0.53,33.8,40.3,2535,12.4,2.126033333,0.71,64
0,,0,,No,No,Spy Kids: All The Time in the World,35.54,Action,Weinstein Company,Quest,2011,40,3534,27,0.64,47.1,38.5,3295,11.6,2.743703704,0.22,74
0,,0,,No,No,Drive Angry,18.21,Action,Independent,Rescue,2011,38,2265,45,-0.56,-16.1,10.7,2290,5.2,0.642911111,0.45,29
0,,0,,No,No,Rise of the Planet of the Apes,304.52,Action,20th Century Fox,Revenge,2011,87,15024,93,0.81,388.2,176.7,3648,54.8,5.174473118,0.83,481
0,,0,,No,No,The Mechanic,22,Action,Independent,Revenge,2011,52,4226,40,0.22,11.2,29.2,2703,11.4,1.28,0.53,51
0,,0,,No,No,Immortals,102,Action,Relativity Media,Revenge,2011,59,10349,75,0.59,107.5,80.5,3112,32.2,2.433133333,0.36,182
0,,0,,No,No,Colombiana,24.3,Action,Sony,Revenge,2011,55,3982,40,0.34,21,36.7,2614,10.4,1.524125,0.28,61
0,,0,,No,No,The Green Hornet,129,Action,Columbia,Rivalry,2011,47,9335,120,0.47,107.8,98.8,3584,33.5,1.898333333,0.44,228
0,,0,,No,No,The Three Musketeers,111.9,Action,Independent,Rivalry,2011,48,2875,75,0.43,57.1,20.2,3017,8.7,1.76196,0.24,132
0,,0,,No,No,Killer Elite,27.84,Action,Independent,Rivalry,2011,48,3132,70,-0.32,-17,25.1,2986,9.4,0.756585714,0.25,53
0,,0,,No,No,Warrior,9.4,Action,Lionsgate,Rivalry,2011,93,2805,25,-0.08,-1.9,13.7,1869,5.2,0.92228,0.83,23
0,,0,,No,No,Never Back Down 2: The Beatdown,,Action,Sony,Rivalry,2011,44,,3,,,,,8.6,0,,
0,,0,,No,No,Machine Gun Preacher,0.57,Action,Lionsgate,Transformation,2011,71,,30,-26.2,-28.9,0.5,,0,0.036766667,0.29,1
0,,0,,No,No,Real Steel,186.2,Action,DreamWorks Pictures,Underdog,2011,81,7942,110,0.59,159.8,83.6,3440,27.3,2.452827273,0.58,270
0,,0,,No,No,Hugo,34.6,Adventure,Paramount,,2011,84,8899,150,-0.55,-53.3,62.1,1277,11.4,0.644533333,0.93,97
0,,0,,No,No,The Adventures of Tintin,296.4,Adventure,Paramount,Quest,2011,78,3149,130,0.65,243.6,77.2,3087,9.7,2.874153846,0.74,374
0,,0,,No,No,Rango,121.9,Animation,Paramount,Fish Out Of Water,2011,69,9722,135,0.45,110.2,123.3,3917,38.1,1.815955556,0.88,245
0,,0,,No,No,Cars 2,360.4,Animation,Pixar,Fish Out Of Water,2011,56,16072,200,0.64,351.9,191.5,4115,66.1,2.75925,0.38,552
0,,0,,No,No,Hop,75.87,Animation,Relativity Media,Fish Out Of Water,2011,50,10490,63,0.66,121,108.1,3579,37.5,2.919888889,0.26,184
0,,0,,No,No,The Smurfs,419.54,Animation,Sony Pictures Animation,Fish Out Of Water,2011,50,10489,110,0.8,452.2,142.6,3395,35.6,5.110527273,0.23,562
0,,0,,No,No,Arthur Christmas,100.95,Animation,Aardman Animations,Journey and Return,2011,82,3537,150,-0.02,-2.6,46.5,3376,12.1,0.982733333,0.92,147
0,,0,,No,No,Happy Feet 2,49.2,Animation,Village Roadshow Pictures,Journey and Return,2011,59,5889,135,-0.27,-28.5,57.3,3606,21.2,0.788940741,0.41,107
0,,0,,No,No,Gnomeo and Juliet,94,Animation,Disney,Love,2011,52,8469,36,0.81,158,100,2994,25.4,5.387972222,0.56,194
0,,0,,No,No,Rio,341.02,Animation,20th Century Fox,Quest,2011,73,10252,90,0.81,394.6,143.6,3826,39.2,5.384822222,0.71,485
0,,0,,No,No,Winnie The Pooh,6.46,Animation,Disney,Quest,2011,79,3267,30,0.1,3.2,26.7,2405,7.9,1.105066667,0.91,33
0,,0,,No,No,Puss In Boots,373.5,Animation,DreamWorks,Quest,2011,76,8623,130,0.75,392.3,148.8,3952,34.1,4.017369231,0.83,522
0,,0,,No,No,Mars Needs Moms,17.6,Animation,Disney,Rescue,2011,43,2218,150,-2.85,-111,21.4,3117,6.9,0.259946667,0.36,39
0,,0,,No,No,Kung Fu Panda 2,497.78,Animation,DreamWorks Animation,Rivalry,2011,80,12142,150,0.77,513,165.2,3925,47.7,4.42016,0.82,663
0,,0,,No,No,The Sitter,4.14,Comedy,Fox,,2011,43,2582,25,0.28,9.6,30.4,2750,9.9,1.3832,0.22,35
0,,0,,No,No,We Bought a Zoo,26.7,Comedy,Fox,,2011,79,3003,50,0.51,51.2,74.5,3117,9.4,2.0236,0.63,101
0,,0,,No,No,Diary of a Wimpy Kid 2: Rodrick Rules,19.72,Comedy,20th Century Fox,Comedy,2011,63,7500,21,0.71,51.4,52.7,3167,23.8,3.448380952,0.47,72
0,,0,,No,No,Jack and Jill,51.1,Comedy,Happy Madison,Comedy,2011,59,7273,79,0.37,45.9,73.8,3438,25,1.581392405,0.04,125
0,,0,,No,No,Zookeeper,89.94,Comedy,Happy Madison Productions,Comedy,2011,42,5763,80,0.53,90.3,80.4,3482,20.1,2.1287625,0.14,170
0,,0,,No,No,Bad Teacher,115.9,Comedy,Independent,Comedy,2011,38,10365,20,0.91,196.2,100.3,3049,31.6,10.8098,0.44,216
0,,0,,No,No,30 Minutes or Less,3.49,Comedy,Independent,Comedy,2011,48,4616,28,0.31,12.5,37.1,2888,13.3,1.448071429,0.43,41
0,,0,,No,No,The Hangover Part II,327,Comedy,Legendary Pictures,Comedy,2011,58,23775,80,0.86,501.5,254.5,3615,85.9,7.2683,0.35,581
0,,0,,No,No,A Very Harold and Kumar Christmas,??,Comedy,Lionsgate,Comedy,2011,71,4506,19,0.44,15,34,2875,13,1.791789474,0.72,34
0,,0,,No,No,Paul,60.57,Comedy,Relativity,Comedy,2011,70,4655,40,0.59,58,37.4,2802,13,2.449575,0.72,98
0,,0,,No,No,Johnny English Reborn,149.63,Comedy,Relativity Media,Comedy,2011,55,2470,45,0.72,112.9,8.3,1552,3.8,3.509755556,0.38,158
0,,0,,No,No,The Dilemma,21.2,Comedy,Spyglass Entertainment,Comedy,2011,31,6060,70,0,-0.3,48.5,2940,17.8,0.995714286,0.23,70
0,,0,,No,No,No Strings Attached,77.1,Comedy,Spyglass Entertainment,Comedy,2011,57,6512,25,0.83,122.7,70.6,3018,19.7,5.908,0.49,148
0,,0,,No,No,Our Idiot Brother,,Comedy,The Weinstein Company,Comedy,2011,79,2744,5,0.8,19.8,24.8,2555,7,4.9632,0.68,25
0,,0,,No,No,Your Highness,3.26,Comedy,Universal,Comedy,2011,36,3380,49.9,-1.01,-25,21.6,2769,9.4,0.498116232,0.26,25
0,,0,,No,No,Mr. Popper's Penguins,119.14,Comedy,20th Century Fox,Discovery,2011,54,5524,55,0.71,132.4,68.2,3339,18.4,3.406454545,0.47,187
0,,0,,No,No,50/50,1.62,Comedy,Independent,Discovery,2011,93,3517,8,0.78,28.5,34.9,2458,8.6,4.563875,0.93,37
0,,0,,No,No,Take Me Home Tonight,,Comedy,Relativity,Discovery,2011,46,1730,25,-2.61,-18.1,6.9,2003,3.5,0.27712,0.28,7
0,,0,,No,No,Cedar Rapids,,Comedy,20th Century Fox,Maturation,2011,61,20198,10,-0.46,-3.1,6.9,15,0.3,0.6861,0.86,7
0,,0,,No,No,The Change Up,33.75,Comedy,Relativity Media,Metamorphosis,2011,53,4645,52,0.27,18.8,37.1,2913,13.5,1.362173077,0.24,71
0,,0,,No,No,The Muppets,69.8,Comedy,Disney,Quest,2011,87,8500,45,0.72,113.3,88.5,3440,29.2,3.518666667,0.97,158
0,,0,,No,No,Tower Heist,86.5,Comedy,Relativity,Revenge,2011,61,7135,75,0.54,89.5,78,3367,24,2.193866667,0.68,165
0,,0,,No,No,Horrible Bosses,92.1,Comedy,Warner Bros,Revenge,2011,72,9310,35,0.83,174.6,117.5,3040,28.3,5.989657143,0.69,210
0,,0,,No,No,Bridesmaids,119.28,Comedy,Relativity Media,Rivalry,2011,77,8995,32.5,0.89,255.9,169.1,2918,26.2,8.873292308,0.9,288
0,,0,,No,No,Arthur,12.7,Comedy,Warner Bros,Sacrifice,2011,49,3731,40,0.13,5.7,33,3276,12.2,1.143375,0.26,46
0,,0,,No,No,Hall Pass,38.1,Comedy,Warner Bros,Temptation,2011,44,4588,36,0.57,47.2,45.1,2950,13.5,2.31,0.35,83
0,,0,,No,No,What's Your Number,16.42,Comedy,20th Century Fox,Transformation,2011,50,1806,20,0.34,10.4,14,3002,5.4,1.5213,0.24,30
0,,0,,No,No,The Big Year,0.24,Comedy,Independent,Transformation,2011,62,1513,41,-4.53,-33.6,7.2,2150,3.3,0.180731707,0.38,7
0,,0,,No,No,War Horse,88.5,Drama,Disney,,2011,73,6114,66,0.61,101.5,79,2376,14.5,2.538484848,0.77,168
0,,0,,No,No,Albert Nobbs,0,Drama,Independent,,2011,43,2841,8,-1.91,-5.3,2.8,245,0.7,0.34375,0.53,3
0,,0,,No,No,Shame,10.09,Drama,Independent,,2011,80,34952,6.5,0.53,7.5,3.9,10,0.3,2.147692308,0.8,14
0,,0,,No,No,Extremely Loud and Incredibly Close,14.4,Drama,Warner Bros.,,2011,62,3820,40,0.13,6,31.6,2630,10,1.14975,0.47,46
0,,0,,No,No,The Iron Lady,53.47,Drama,Weinstein Company,,2011,54,6749,13,0.84,68.4,27.9,802,5.4,6.262307692,0.53,81
0,,0,,No,No,The Descendants,86.2,Drama,20th Century Fox,Discovery,2011,88,5000,20,0.88,147.7,81.5,876,4.4,8.3825,0.89,168
0,,0,,No,No,The Rum Diary,8.48,Drama,Independent,Discovery,2011,48,2259,45,-1.09,-23.4,13.1,2273,5.1,0.478933333,0.5,22
0,,0,,No,No,The Tree Of Life,41,Drama,Independent,Discovery,2011,61,93230,32,0.41,22.3,13.3,4,0.4,1.69696875,0.84,54
0,,0,,No,No,Everything Must Go,,Drama,Reliance Entertainment,Discovery,2011,53,3652,5,-0.84,-2.3,2.7,218,0.8,0.5422,0.74,3
0,,0,,No,No,Larry Crowne,16.8,Drama,Universal,Discovery,2011,46,4405,30,0.43,22.4,35.6,2973,13.1,1.746933333,0.34,52
0,,0,,No,No,The Company Men,0.4,Drama,Weinstein Company,Discovery,2011,55,6111,15,-2.13,-10.2,4.4,106,0.6,0.32,0.66,5
0,,0,,No,No,The Lincoln Lawyer,17,Drama,Lionsgate,Fish Out Of Water,2011,82,4879,40,0.47,35,58,2707,13.2,1.875225,0.84,75
0,,0,,No,No,Water For Elephants,58.39,Drama,20th Century Fox,Love,2011,72,5979,38,0.68,79.1,58.7,2817,16.8,3.081421053,0.6,117
0,,0,,No,No,A Dangerous Method,8.44,Drama,Independent,Love,2011,89,,20,-1.23,-11,0.5,,0.2,0.44864475,0.79,9
0,,0,,No,No,My Week with Marilyn,2.95,Drama,The Weinstein Company,Love,2011,84,7174,10,-0.21,-1.7,5.3,247,1.8,0.8258,0.83,8
0,,0,,No,No,Dolphin Tale,16.86,Drama,Independent,Quest,2011,81,5461,37,0.58,50.9,71.1,3507,19.2,2.376945946,0.84,88
0,,0,,No,No,Take Shelter,,Drama,Independent,Sacrifice,2011,85,,5,-2.18,-3.4,1.6,,0.1,0.3146,0.92,2
0,,0,,No,No,Anonymous,9.73,Drama,Relativity Media,Tragedy,2011,66,3856,30,-1.11,-15.8,4.5,265,1,0.473,0.46,14
0,,0,,No,No,Footloose,10.9,Drama,Spyglass Entertainment,Transformation,2011,71,4383,24,0.61,38.1,51.2,3549,15.6,2.585541667,0.71,62
0,,0,,No,No,The Beaver,5.4,Drama,Summit Entertainment,Transformation,2011,57,4890,21,-2.3,-14.6,1,22,0.1,0.303333333,0.62,6
0,,0,,No,No,Moneyball,32.5,Drama,Columbia,Underdog,2011,89,6516,50,0.54,58.1,75.6,2993,19.5,2.162,0.95,108
0,,0,,No,No,The Conspirator,2.67,Drama,Independent,Underdog,2011,65,4960,25,-0.76,-10.8,11.5,707,3.5,0.56844,0.56,14
0,,0,,No,No,Soul Surfer,0.41,Drama,Sony,Underdog,2011,79,4789,18,0.59,26.3,43.9,2214,10.6,2.459277778,0.46,44
0,,0,,No,No,Hesher,??,Drama,Independent,Wretched Excess,2011,68,,7,-17.32,-6.6,0.4,,0.1,0.054571429,0.54,0
0,,0,,No,No,J.Edgar,35.8,Drama,Warner Bros,Wretched Excess,2011,84,5873,35,0.52,38.2,37.4,1910,11.2,2.091142857,0.42,73
0,,0,,No,No,Harry Potter and the Deathly Hallows Part 2,947.1,Fantasy,Warner Bros,Rivalry,2011,92,38672,125,0.91,"1,203.10",381,4375,169.2,10.624888,0.96,1328
0,,0,,No,No,Another Earth,0.45,Fantasy,Independent,Temptation,2011,74,,0.2,0.89,1.6,1.3,,0.1,8.855,0.63,2
0,,0,,No,No,Red State,,Horror,Independent,Escape,2011,59,,4,-2.62,-2.9,1.1,,,0.276,0.57,1
0,,0,,No,No,Shark Night 3D,19.83,Horror,Relativity,Escape,2011,25,2995,25,0.35,13.7,18.9,2806,8.4,1.54808,0.16,39
0,,0,,No,No,Dylan Dog: Dead of Night,3.45,Horror,Independent,Monster Force,2011,28,,20,-3.32,-15.4,1.2,,0.8,0.23165,0.06,5
0,,0,,No,No,The Roommate,3.19,Horror,Independent,Monster Force,2011,29,5921,16,0.6,24.5,37.3,2534,15,2.53075,0.04,40
0,,0,,No,No,Paranormal Activity 3,98.24,Horror,Independent,Monster Force,2011,58,15829,5,0.98,196.9,103.7,3321,52.6,40.3794,0.68,202
0,,0,,No,No,Vanishing on 7th Street,1.05,Horror,Independent,Monster Force,2011,62,,10,-8.37,-8.9,0,,0,0.1067,0.52,1
0,,0,,No,No,Don't Be Afraid Of The Dark,7.5,Horror,Miramax Films,Monster Force,2011,37,3089,25,0.21,6.5,24,2760,8.5,1.26184,0.59,32
0,,0,,No,No,Final Destination 5,115.3,Horror,New Line Cinema,Monster Force,2011,56,5715,40,0.75,117.9,42.6,3155,18,3.947175,0.61,158
0,,0,,No,No,Super 8,132.71,Horror,Paramount,Monster Force,2011,78,10492,50,0.81,209.7,127,3379,35.5,5.19426,0.82,260
0,,0,,No,No,Insidious,43,Horror,Sony,Monster Force,2011,65,5511,1.5,0.98,95.5,54,2408,13.3,64.67266667,0.67,97
0,,0,,No,No,The Thing,10.5,Horror,Universal,Monster Force,2011,52,2835,38,-0.39,-10.6,16.9,2996,8.5,0.721789474,0.36,27
0,,0,,No,No,Red Riding Hood,51.5,Horror,Warner Bros,Monster Force,2011,41,4622,42,0.53,47.2,37.7,3030,14,2.122904762,0.11,89
0,,0,,No,No,The Rite,63,Horror,Warner Bros,Monster Force,2011,43,4955,37,0.61,59,33,2985,14.8,2.594594595,0.2,96
0,,0,,No,No,Apollo 18,7.88,Horror,Weinstein Company,Monster Force,2011,31,2615,5,0.8,20.6,17.7,3328,8.7,5.1124,0.23,26
0,,0,,No,No,Scream 4,58.96,Horror,Weinstein Company,Monster Force,2011,57,5656,40,0.59,57.1,38.2,3305,18.7,2.428425,0.58,97
0,,0,,No,No,Fright Night,18.8,Horror,DreamWorks,Rivalry,2011,68,2477,30,0.19,7.1,18.3,3114,7.7,1.236733333,0.75,37
0,,0,,No,No,Dream House,17.2,Horror,Morgan Creek Productions,The Riddle,2011,38,3055,50,-0.3,-11.5,21.3,2661,8.1,0.77004,0.07,39
0,,0,,No,No,Just Go With It,111.92,Romance,Happy Madison,Comedy,2011,63,8601,80,0.63,134.9,103,3548,30.5,2.6868125,0.19,215
0,,0,,No,No,"Crazy, Stupid, Love",58.5,Romance,Warner Bros,Discovery,2011,81,6326,50,0.65,92.8,84.3,3020,19.1,2.85682,0.78,143
0,,0,,No,No,Monte Carlo,16.48,Romance,20th Century Fox,Love,2011,50,3014,20,0.5,19.7,23.2,2473,7.5,1.9832,0.38,40
0,,0,,No,No,Something Borrowed,21.14,Romance,Independent,Love,2011,,4802,35,0.42,25.2,39,2904,13.9,1.719514286,,60
0,,0,,No,No,Waiting For Forever,,Romance,Independent,Love,2011,53,2972,5,-199,-5,0,3,0,0.005,0.06,0
0,,0,,No,No,One Day,41.4,Romance,Independent,Love,2011,54,2955,15,0.73,40.2,13.8,1719,5.1,3.682733333,0.37,55
0,,0,,No,No,Twilight: Breaking Dawn,421,Romance,Independent,Love,2011,68,34012,110,0.84,592.2,281.2,4061,138.1,6.383363636,0.26,702
0,,0,,No,No,Jane Eyre,18.91,Romance,Universal,Love,2011,77,,,,,11.2,,0.2,,0.85,30
0,,0,,No,No,New Year's Eve,87.5,Romance,Warner Bros.,Love,2011,48,3714,56,0.61,86,54.5,3505,13,2.536428571,0.08,142
0,,0,,No,No,Beastly,0.97,Romance,CBS Films,Metamorphosis,2011,50,5047,17,0.41,11.8,27.9,1952,9.9,1.696058824,0.19,29
0,,0,,No,No,Friends With Benefits,93.74,Romance,Warner Bros,Temptation,2011,68,6364,35,0.77,114.5,55.8,2926,18.6,4.2726,0.71,150
0,,0,,No,No,Tinker Tailor Soldier Spy,53.84,Thriller,Focus,,2011,68,6772,21,0.73,56.8,23.9,809,5.5,3.702380952,0.83,78
0,,0,,No,No,The Girl With The Dragon Tattoo,127.13,Thriller,Sony,,2011,89,4382,90,0.61,139.2,102.1,2914,12.8,2.546555556,0.87,229
0,,0,,No,No,The Son Of No One,,Thriller,Independent,Discovery,2011,61,1802,15,-499,-15,0,10,0,0.002,0.18,0
0,,0,,No,No,Trespass,3.1,Thriller,Independent,Escape,2011,24,,35,-10.2,-31.9,0,,0,0.089257143,0.11,3
0,,0,,No,No,I Am Number Four,89.4,Thriller,Paramount,Maturation,2011,57,6167,60,0.58,84.5,55.1,3154,19.4,2.408333333,0.32,145
0,,0,,No,No,The Debt,14.25,Thriller,Universal,Pursuit,2011,70,5427,20,0.56,25.4,31.2,1826,9.9,2.27145,0.76,45
0,,0,,No,No,Drive,32.33,Thriller,Independent,Rivalry,2011,79,3929,15,0.78,52,34.7,2886,11.3,4.467133333,0.93,67
0,,0,,No,No,The Adjustment Bureau,65.37,Thriller,Independent,Sacrifice,2011,67,7450,50.2,0.61,77.7,62.5,2840,21.2,2.547171315,0.72,128
0,,0,,No,No,Margin Call,3.93,Thriller,Independent,Sacrifice,2011,73,,3.5,0.61,5.4,4.9,,0.6,2.534,0.86,9
0,,0,,No,No,Unknown,67.1,Thriller,Independent,The Riddle,2011,57,7183,30,0.77,100.8,63.7,3043,21.9,4.359533333,0.55,131
0,,0,,No,No,In Time,90.9,Thriller,Regency Enterprises,The Riddle,2011,55,3860,40,0.69,87.4,36.5,3122,12.1,3.184825,0.38,127
0,,0,,No,No,Source Code,68.57,Thriller,Summit Entertainment,The Riddle,2011,81,5002,32,0.74,91.3,54.7,2961,14.8,3.8524375,0.92,123
0,,0,,No,No,Contagion,59.8,Thriller,Warner Bros,The Riddle,2011,63,6935,60,0.56,75.5,75.7,3222,22.4,2.257633333,0.84,135
0,,0,,No,No,The Ides of March,13.7,Thriller,Columbia,Transformation,2011,76,4761,12.5,0.77,41.7,40.5,2199,10.5,4.33552,0.85,54
0,,0,,No,No,Limitless,82.6,Thriller,Virgin,Wretched Excess,2011,73,6860,27,0.83,134.8,79.2,2756,18.9,5.994407407,0.69,162
1,Animated,1,Animated,No,Yes,Ratatouille,414.98,Animation,Disney,Transformation,2007,84,11935,150,0.76,471.4,206.5,3940,47,4.1428,0.97,621
1,Best Actor,1,Leading Actor,No,Yes,There Will Be Blood,35.96,Drama,Paramount,Wretched Excess,2007,84,5502,25,0.67,51.2,40.2,885,4.9,3.0473,0.91,76
1,Original Screenplay,1,Original Screenplay,No,Yes,Juno,87.69,Comedy,Fox,Maturation,2007,89,10436,7.5,0.97,223.7,143.5,1019,10.6,30.8246,0.94,231
1,supporting actress,1,Supporting Actress,No,Yes,Michael Clayton,43.96,Thriller,Independent,Transformation,2007,72,4131,25,0.73,68,49,2511,10.4,3.7197,0.9,93
1,Animated,1,Animated,No,Yes,WALL-E,297.5,Animation,Disney,Love,2008,89,15803,180,0.65,341.3,223.8,3992,63.1,2.896,0.96,521
1,supporting actor,1,Supporting Actor,No,Yes,The Dark Knight,468.58,Thriller,Warner Bros.,Revenge,2008,96,36283,185,0.81,814.5,530.9,4366,158.4,5.4027,0.94,999
1,Best Actress,0,,No,Yes,The Blind Side,53.24,Biography,Warner Bros.,Rags to Riches,2009,90,10971,29,0.91,280,255.8,3110,34.1,10.65655172,0.65,309
1,Animated,1,Animated,No,Yes,Up,438.3,Animation,Disney,Journey and Return,2009,86,18085,175,0.76,556.3,293,3766,68.1,4.178857143,0.98,731
1,supporting actor,1,Supporting Actor,No,Yes,Inglourious Basterds,200.91,Adventure,Universal,Underdog,2009,87,12024,70,0.78,251.4,120.5,3135,38,4.591571429,0.88,321
1,Best Actress,0,,No,Yes,Black Swan,222.44,Drama,Fox,Wretched Excess,2010,86,8742,13,0.96,316.4,107,959,8.4,25.33769231,0.88,329
1,orig. screenplay,0,,No,Yes,Midnight in Paris,91.86,Romance,Sony,Love,2011,84,6177,17,0.89,131.7,56.8,944,5.8,8.744705882,0.93,149
1,supporting actor,0,,No,Yes,Beginners,8.52,Comedy,Independent,Love,2011,80,28268,3.2,0.78,11.1,5.8,5,0.1,4.471875,0.84,14
1,supporting actress,0,,No,Yes,The Help,37.02,Drama,DreamWorks Pictures,Maturation,2011,91,10278,25,0.88,181.2,169.2,2534,26,8.24976,0.75,206
2,"Best Actor, Original Screenplay",0,,Yes,Yes,Milk,18.32,Biography,Universal,Quest,2008,88,40385,20,0.6,30.2,31.8,36,1.5,2.508,0.94,50
2,"Sup. Actor, Sup. Actress",0,,Yes,Yes,The Fighter,35,Drama,Paramount,Underdog,2010,88,4848,25,0.8,103,93,2503,12,5.12,0.91,128
3,"Best Picture, Director, Adapted Screenplay",3,"Best Film, Director, Adapted Screenplay",Yes,Yes,Slumdog Millionaire,234.48,Crime,Independent,Underdog,2008,90,,15,0.96,360.8,141.3,,4.3,25.0527,0.94,376
3,"Best Picture, Director, Original Screenplay",2,"Film, Director, Original Screenplay",Yes,Yes,The Hurt Locker,32.21,Drama,Independent,Quest,2009,83,36338,15,0.7,34.2,17,4,0.1,3.281333333,0.97,49
3,"Picture, Actor, Director",0,,Yes,Yes,The Artist,65.29,Drama,Weinstein Company,,2011,91,3583,16,0.85,89.7,40.5,662,2.4,6.60875,0.97,106
4,"Best Picture, Director, Supporting Actor, Adapted Screenplay",2,"Supporting Actor, Director",Yes,Yes,No Country for Old Men,86.72,Drama,Paramount,Pursuit,2007,84,9042,25,0.84,136,74.3,860,7.8,6.44,0.95,161
4,"Best Picture, Director,  Actor, Orig. Screenplay",0,,Yes,Yes,The King's Speech,288.57,Biography,Independent,Maturation,2010,93,6406,15,0.96,412.4,138.8,700,4.4,28.49066667,0.95,427